,name,address,email,phone_number,birthdate,blood_type,gender
0,sdv-pii-wuq8u,sdv-id-0,harmonhaley@example.org,960.508.5912x65536,1997-09-29,O-,Male
1,sdv-pii-e953j,sdv-id-1,debrahester@example.org,855.607.4302,1958-02-23,O+,Female
2,sdv-pii-4pbem,sdv-id-2,courtney87@example.org,001-900-706-6211x8772,1956-01-22,O-,Male
3,sdv-pii-xtfqb,sdv-id-3,meyercarmen@example.com,(695)375-0322,1936-08-29,AB+,Female
4,sdv-pii-a3d7v,sdv-id-4,garciachristopher@example.com,942-391-7723,1976-06-17,AB+,Female
5,sdv-pii-cmn7p,sdv-id-5,nicoleellis@example.net,578.917.2449,1975-06-01,AB-,Female
6,sdv-pii-ixczx,sdv-id-6,jacqueline40@example.org,(732)452-1502x385,1968-08-16,O+,Female
7,sdv-pii-se51s,sdv-id-7,ruizjustin@example.com,939-564-8945,1962-06-23,AB+,Male
8,sdv-pii-23462,sdv-id-8,aguilarjennifer@example.org,407.954.2935x69460,1995-10-22,B-,Female
9,sdv-pii-luroi,sdv-id-9,ryantanner@example.org,(832)936-0550x011,1978-06-30,B+,Male
10,sdv-pii-9w78n,sdv-id-10,bdickerson@example.com,+1-990-254-0797x2195,1966-02-16,B+,Male
11,sdv-pii-t15wu,sdv-id-11,steven18@example.com,715.867.0632x0125,1977-06-15,AB+,Female
12,sdv-pii-4bfsk,sdv-id-12,daviscarol@example.com,693.751.4577x194,1977-09-01,B+,Female
13,sdv-pii-avn4r,sdv-id-13,jill09@example.com,549.566.3670,2002-04-04,AB-,Male
14,sdv-pii-jqsbo,sdv-id-14,jamiejenkins@example.org,+1-286-648-9549x11250,1958-10-13,O-,Male
15,sdv-pii-34lc1,sdv-id-15,stacey17@example.org,398-852-8027,1977-08-23,A-,Female
16,sdv-pii-kbp4b,sdv-id-16,monroebrian@example.com,347-569-8574x60018,1965-04-29,A+,Male
17,sdv-pii-1tu6g,sdv-id-17,owright@example.org,001-382-562-8643x22548,1982-09-13,A-,Female
18,sdv-pii-9gjwu,sdv-id-18,greggmorgan@example.com,001-244-257-7362,1939-07-06,A-,Male
19,sdv-pii-5rfsr,sdv-id-19,levyperry@example.net,(410)783-4868x82355,1952-10-13,B-,Male
20,sdv-pii-86bze,sdv-id-20,emily17@example.org,001-678-832-9679x039,1952-07-12,AB+,Male
21,sdv-pii-ah8sm,sdv-id-21,bfoster@example.org,001-426-512-9477x9933,2003-01-30,B-,Male
22,sdv-pii-vh18l,sdv-id-22,costateresa@example.com,616-905-9769,1955-09-10,A-,Female
23,sdv-pii-t02yd,sdv-id-23,danielleforbes@example.com,813.608.2743,1975-06-13,O+,Male
24,sdv-pii-sykxr,sdv-id-24,tmosley@example.com,3149178518,1935-11-06,O+,Male
25,sdv-pii-elqa1,sdv-id-25,donnaprice@example.com,442-823-0576x471,2000-07-31,A-,Female
26,sdv-pii-es1tt,sdv-id-26,allisoncarroll@example.com,(255)343-7287x877,2000-05-22,A+,Male
27,sdv-pii-bf8xb,sdv-id-27,samantharusso@example.com,(944)217-4185,1981-05-23,B+,Female
28,sdv-pii-d6ftu,sdv-id-28,lindayoder@example.net,+1-623-447-9176x5183,1943-04-12,AB-,Male
29,sdv-pii-h13zf,sdv-id-29,laurenolson@example.org,415.824.8117x63193,1998-11-03,O+,Female
30,sdv-pii-r0mjg,sdv-id-30,balljason@example.org,925.450.8172,1962-02-11,O+,Male
31,sdv-pii-szjjo,sdv-id-31,paul65@example.org,001-540-505-6460,1945-05-03,B-,Female
32,sdv-pii-gt9ks,sdv-id-32,cantrellkimberly@example.com,+1-495-704-1593x992,1950-02-05,O-,Female
33,sdv-pii-9pczu,sdv-id-33,iwatkins@example.org,+1-328-511-4801x9281,1950-07-28,AB+,Male
34,sdv-pii-9y1ga,sdv-id-34,christian77@example.org,313-559-5524x01899,1937-06-23,B+,Male
35,sdv-pii-rb2p4,sdv-id-35,peterestrada@example.com,+1-329-702-5057x13463,1949-02-20,AB-,Female
36,sdv-pii-nvhhw,sdv-id-36,robertmcgee@example.net,3495747387,1937-05-31,B-,Male
37,sdv-pii-av1tw,sdv-id-37,david18@example.com,001-726-705-7229x878,1946-12-21,AB-,Female
38,sdv-pii-ahegp,sdv-id-38,ecampbell@example.com,(233)850-7347,1963-09-06,AB+,Male
39,sdv-pii-2otll,sdv-id-39,elizabethjarvis@example.net,001-460-813-3880x2121,1957-07-22,B+,Male
40,sdv-pii-l9vyl,sdv-id-40,angela70@example.org,+1-862-884-1438x082,1980-06-01,O+,Female
41,sdv-pii-o7da3,sdv-id-41,gregory92@example.com,5029224399,1933-05-25,B-,Male
42,sdv-pii-uo7yk,sdv-id-42,jamesryan@example.net,+1-371-688-1951,1989-03-28,A+,Female
43,sdv-pii-3gl4v,sdv-id-43,huntermarcus@example.org,(723)774-8427,1935-10-12,B+,Female
44,sdv-pii-to6jb,sdv-id-44,simonchristina@example.org,+1-385-256-8090,1938-07-23,A+,Male
45,sdv-pii-sg6av,sdv-id-45,troyhuerta@example.com,(360)321-6807x39325,1937-04-17,A-,Male
46,sdv-pii-w4adf,sdv-id-46,stephen55@example.com,(947)921-7219,2001-12-10,O+,Male
47,sdv-pii-svw3y,sdv-id-47,gonzalezmichael@example.org,263.263.9943x263,2004-08-16,O-,Female
48,sdv-pii-hlzcz,sdv-id-48,frenchjoseph@example.net,+1-973-845-0823x253,2001-11-25,AB-,Male
49,sdv-pii-0a323,sdv-id-49,jchristensen@example.net,721.870.7856,1961-10-17,AB-,Male
50,sdv-pii-oxcl2,sdv-id-50,herringjennifer@example.com,001-866-863-8908x6953,2002-11-03,A+,Female
51,sdv-pii-e90k9,sdv-id-51,mendozaroberto@example.org,+1-850-833-8407x9097,1935-03-14,O+,Male
52,sdv-pii-l0m9l,sdv-id-52,lwalker@example.org,842-686-3909x81134,1934-06-25,AB+,Female
53,sdv-pii-7ttt7,sdv-id-53,perkinsnicole@example.net,+1-302-471-6808x95210,1982-08-15,B+,Female
54,sdv-pii-658vc,sdv-id-54,tracy78@example.net,001-530-529-1029x6019,1970-08-04,B+,Male
55,sdv-pii-zcyg8,sdv-id-55,jhatfield@example.org,981-849-9647,1935-12-19,A+,Female
56,sdv-pii-q4c36,sdv-id-56,tinamacdonald@example.net,757-475-5057,1975-09-12,O+,Male
57,sdv-pii-pgvpu,sdv-id-57,butleralexandra@example.com,2829362904,2001-11-15,B-,Female
58,sdv-pii-a0ya5,sdv-id-58,johnsongary@example.com,561-311-9080x8649,1936-04-03,B+,Female
59,sdv-pii-shgof,sdv-id-59,barkereric@example.net,5075970292,1961-06-16,AB+,Male
60,sdv-pii-o28j4,sdv-id-60,julieharrison@example.net,001-478-256-2867x95890,2006-01-17,B-,Female
61,sdv-pii-xt5za,sdv-id-61,yross@example.org,+1-539-339-0889x78580,1970-05-18,A-,Male
62,sdv-pii-45lat,sdv-id-62,pamelahardy@example.org,(770)611-6924,1996-02-21,A+,Male
63,sdv-pii-45pvm,sdv-id-63,tcampbell@example.net,(392)712-9467,1996-03-16,B+,Female
64,sdv-pii-b8pvc,sdv-id-64,ronald64@example.net,956-926-3143x44065,1938-12-15,B+,Female
65,sdv-pii-kovwk,sdv-id-65,qbennett@example.org,+1-861-228-6738x6027,1999-09-16,A-,Male
66,sdv-pii-7no3i,sdv-id-66,chandlercharles@example.net,+1-701-285-6985x84924,1985-05-08,B+,Male
67,sdv-pii-m3ofa,sdv-id-67,crawfordrenee@example.com,001-804-676-8347x192,1979-04-23,AB-,Male
68,sdv-pii-lqekl,sdv-id-68,rosechristopher@example.com,214.497.3654x303,1998-10-13,AB+,Male
69,sdv-pii-etxt8,sdv-id-69,gwang@example.org,+1-454-387-7330x194,1999-11-15,AB+,Male
70,sdv-pii-ii18w,sdv-id-70,davidmorgan@example.net,(632)877-6314,1934-01-18,A-,Male
71,sdv-pii-1p01b,sdv-id-71,emilynichols@example.org,376-234-7060,1944-09-04,B-,Female
72,sdv-pii-ft67c,sdv-id-72,rebeccadavis@example.com,831-279-0761x65823,1963-07-07,AB+,Female
73,sdv-pii-8yk9h,sdv-id-73,shannon00@example.com,(687)677-1041,1998-01-18,O+,Male
74,sdv-pii-xd0bt,sdv-id-74,ksnyder@example.net,(265)536-3183x412,1996-02-09,O-,Male
75,sdv-pii-lsufd,sdv-id-75,michael60@example.net,991.244.4001,1969-10-22,O+,Male
76,sdv-pii-s69ll,sdv-id-76,hbennett@example.org,8476709616,1983-04-29,AB-,Male
77,sdv-pii-j5i02,sdv-id-77,frenchbilly@example.net,+1-855-379-6461x320,1964-01-12,O-,Female
78,sdv-pii-37eur,sdv-id-78,stuart51@example.net,(794)279-7468x017,1951-12-12,B+,Female
79,sdv-pii-4wo4o,sdv-id-79,mgarcia@example.com,(359)872-9142x85872,1993-04-06,AB-,Male
80,sdv-pii-1yjpg,sdv-id-80,lmoore@example.net,(315)593-6623x5620,1949-04-09,O-,Male
81,sdv-pii-9kejv,sdv-id-81,nicolemills@example.org,208-202-4318,1952-05-05,O-,Female
82,sdv-pii-lf1x5,sdv-id-82,ethompson@example.net,001-746-710-2732x406,1971-10-19,A+,Female
83,sdv-pii-a9l85,sdv-id-83,erosales@example.net,001-532-804-8405x4510,1938-04-10,B+,Male
84,sdv-pii-sjk1s,sdv-id-84,kevinwilliams@example.com,(256)453-4495x57008,1987-07-20,O-,Female
85,sdv-pii-ui1aa,sdv-id-85,ycollins@example.net,233.709.2475,1944-05-07,A+,Male
86,sdv-pii-abi42,sdv-id-86,upayne@example.org,7803778581,1986-01-03,AB+,Male
87,sdv-pii-evxei,sdv-id-87,santhony@example.net,636.588.2179,1981-09-18,B-,Female
88,sdv-pii-7no4v,sdv-id-88,jessicafleming@example.com,342-329-1396,2000-11-29,O-,Female
89,sdv-pii-vjanx,sdv-id-89,bowenpatricia@example.org,730.857.4264x9170,1981-08-08,B+,Female
90,sdv-pii-4ernr,sdv-id-90,juliewilliamson@example.com,001-944-410-5608x6715,1959-09-23,B+,Female
91,sdv-pii-632up,sdv-id-91,stewartjoseph@example.com,+1-330-627-6573,1971-02-06,O+,Female
92,sdv-pii-ediw9,sdv-id-92,hhernandez@example.net,001-530-683-9419,1977-01-12,O-,Male
93,sdv-pii-w61kl,sdv-id-93,brownandrea@example.org,714.692.9798x104,1990-07-21,AB-,Male
94,sdv-pii-nt1e9,sdv-id-94,sanderslori@example.com,917-467-8176x58748,1984-04-04,O+,Male
95,sdv-pii-402ue,sdv-id-95,lglenn@example.net,(937)696-1041,1999-07-17,A-,Male
96,sdv-pii-xh7xd,sdv-id-96,atanner@example.com,7336607782,2002-01-08,O+,Male
97,sdv-pii-h1y8t,sdv-id-97,suzanne43@example.net,209-550-5099,1981-08-30,B+,Female
98,sdv-pii-63q6d,sdv-id-98,washingtonphilip@example.com,001-329-271-3808x420,1965-04-02,O+,Female
99,sdv-pii-mfwil,sdv-id-99,casey03@example.net,943-668-9668x920,1988-12-18,O+,Male
100,sdv-pii-4atb0,sdv-id-100,michelle92@example.net,(323)727-5324x72295,1964-07-09,B-,Female
101,sdv-pii-x7rpd,sdv-id-101,caitlindrake@example.net,665.751.5060x819,1946-11-25,B-,Female
102,sdv-pii-1e46w,sdv-id-102,bfields@example.org,(530)528-7089,1971-01-31,A-,Female
103,sdv-pii-dz3is,sdv-id-103,tracy53@example.net,+1-505-718-3635x47143,1976-05-24,A+,Female
104,sdv-pii-am8uj,sdv-id-104,jmaxwell@example.net,754-680-1813x709,1973-12-09,A+,Female
105,sdv-pii-vk8o1,sdv-id-105,johnblackwell@example.com,639.842.4699x69926,2003-07-21,A-,Male
106,sdv-pii-ch7kw,sdv-id-106,amy70@example.net,001-487-936-9604x325,1938-04-03,A-,Male
107,sdv-pii-swvqb,sdv-id-107,holmeseric@example.org,549.258.9497x377,1987-10-15,B+,Female
108,sdv-pii-wjept,sdv-id-108,evelyn88@example.com,583-561-2321x0419,1978-03-16,B+,Female
109,sdv-pii-3ojkx,sdv-id-109,ebyrd@example.org,797-424-9888x04776,1963-04-10,B-,Male
110,sdv-pii-sflq3,sdv-id-110,jacksonryan@example.com,(934)945-9429,1975-11-19,O-,Male
111,sdv-pii-izlwp,sdv-id-111,lmiller@example.net,712-474-4388,1964-06-01,B+,Male
112,sdv-pii-ofjm7,sdv-id-112,oscar75@example.com,(269)910-0648x341,1954-01-22,A+,Male
113,sdv-pii-lh1rv,sdv-id-113,qmorgan@example.com,477.954.0418x243,1964-01-28,B+,Female
114,sdv-pii-due4g,sdv-id-114,brandon26@example.net,836-305-9681x747,1959-05-25,O-,Male
115,sdv-pii-x6n13,sdv-id-115,coxgregory@example.com,833.483.3029x7285,1981-09-21,B+,Female
116,sdv-pii-y2uzx,sdv-id-116,jason41@example.org,(883)980-2675x4470,1945-07-14,A-,Male
117,sdv-pii-yeqs7,sdv-id-117,piercesarah@example.com,2018633424,2000-04-29,B-,Male
118,sdv-pii-tdkir,sdv-id-118,eric95@example.org,856-831-1989,1946-07-16,B-,Female
119,sdv-pii-cubi5,sdv-id-119,careyandrew@example.com,(329)440-6794x843,1979-02-25,AB+,Male
120,sdv-pii-5ru52,sdv-id-120,scollins@example.org,001-533-208-3697,1974-04-08,B+,Male
121,sdv-pii-ebr71,sdv-id-121,stephensmark@example.com,+1-928-439-8830x32573,1985-11-26,AB-,Female
122,sdv-pii-1x44m,sdv-id-122,evanturner@example.com,764-464-5620x3443,1965-03-23,O-,Female
123,sdv-pii-vrwjy,sdv-id-123,zlivingston@example.com,(343)587-4200x992,1966-03-31,A-,Female
124,sdv-pii-yfq9w,sdv-id-124,juliechoi@example.net,001-454-744-6098,1965-04-23,B+,Female
125,sdv-pii-igrdz,sdv-id-125,michaelmorales@example.org,(306)766-2274,2003-06-07,AB-,Male
126,sdv-pii-ou4kc,sdv-id-126,grusso@example.net,001-889-592-9974x908,1965-05-21,AB+,Female
127,sdv-pii-41xw7,sdv-id-127,pbrandt@example.com,517-854-9277,1994-09-05,A-,Female
128,sdv-pii-rajyk,sdv-id-128,coxdennis@example.com,631-659-5298x1481,1984-03-04,O+,Female
129,sdv-pii-70tyd,sdv-id-129,mitchellandrew@example.net,980-686-1919x95648,1973-09-30,O+,Female
130,sdv-pii-5v4es,sdv-id-130,angela96@example.net,3235589854,1972-05-27,A-,Male
131,sdv-pii-f10gx,sdv-id-131,georgeparker@example.com,+1-872-452-0426,2003-03-28,O-,Female
132,sdv-pii-pz33c,sdv-id-132,richard15@example.org,499.984.7761x044,2000-02-08,B-,Female
133,sdv-pii-t6c18,sdv-id-133,greergina@example.net,537-580-8934x131,1934-06-10,B-,Female
134,sdv-pii-m6ecq,sdv-id-134,owensheather@example.net,001-277-208-9326,1981-04-11,A+,Male
135,sdv-pii-gjofe,sdv-id-135,amyvaldez@example.com,001-513-729-2948x759,1951-07-26,A+,Female
136,sdv-pii-jgapw,sdv-id-136,sara26@example.com,579.969.4208x2593,1953-04-24,B-,Male
137,sdv-pii-anca3,sdv-id-137,davisrachel@example.com,766.531.9878x8709,1979-10-03,B-,Male
138,sdv-pii-9w8u3,sdv-id-138,fisherkenneth@example.com,001-423-717-1999x43233,1958-06-19,A-,Female
139,sdv-pii-g31oc,sdv-id-139,susan05@example.com,268-428-9245,2003-02-23,AB-,Male
140,sdv-pii-08gwa,sdv-id-140,jamieadams@example.com,7746289909,1950-07-23,A+,Female
141,sdv-pii-fjh7j,sdv-id-141,krystalreyes@example.com,+1-580-520-1259x50982,1945-12-20,A+,Female
142,sdv-pii-b8nx8,sdv-id-142,stephanie09@example.org,524-831-8612x19727,1992-08-15,B-,Male
143,sdv-pii-5jvz4,sdv-id-143,andrea25@example.org,(425)310-6614x90207,2006-01-11,B-,Male
144,sdv-pii-bkvjr,sdv-id-144,zdavis@example.org,961-824-0257,2006-03-03,AB+,Female
145,sdv-pii-dhqcq,sdv-id-145,angelakhan@example.net,+1-301-606-3284,1996-10-22,O+,Female
146,sdv-pii-sk8r4,sdv-id-146,kwalker@example.com,(809)479-4115x892,1960-09-24,B-,Female
147,sdv-pii-2a9e5,sdv-id-147,twright@example.net,603.733.0828,1984-05-18,AB+,Male
148,sdv-pii-sz1kf,sdv-id-148,adamjimenez@example.org,+1-910-280-8222x204,1946-12-02,AB-,Female
149,sdv-pii-j8mfw,sdv-id-149,amonroe@example.com,666-815-9016x0423,1992-12-22,A+,Female
150,sdv-pii-vj3kw,sdv-id-150,rbrown@example.net,001-745-503-6518x3489,1957-03-21,O+,Female
151,sdv-pii-217q6,sdv-id-151,staylor@example.org,681.759.4150x6021,1955-01-28,B-,Male
152,sdv-pii-x8bv5,sdv-id-152,taylorholly@example.net,(670)643-9202x64985,1987-11-24,A+,Female
153,sdv-pii-c3vne,sdv-id-153,davidcohen@example.com,(753)621-5743,1992-07-30,O-,Male
154,sdv-pii-909u8,sdv-id-154,danielrobinson@example.net,001-782-509-4208x016,1991-12-17,B+,Male
155,sdv-pii-iugqx,sdv-id-155,lbennett@example.net,971.804.5782x9147,1993-10-10,AB+,Female
156,sdv-pii-nfbi0,sdv-id-156,benjaminsmith@example.org,(501)886-3709x8585,1957-02-23,AB-,Female
157,sdv-pii-stxen,sdv-id-157,michael46@example.org,886.597.4220x79569,1949-01-31,A-,Female
158,sdv-pii-12lux,sdv-id-158,kevin49@example.com,992-459-2348x612,1964-05-19,AB+,Male
159,sdv-pii-0hc3k,sdv-id-159,carolyn98@example.org,5149343197,1937-07-10,O+,Female
160,sdv-pii-vc8n6,sdv-id-160,daviesdavid@example.org,851-712-6515,1937-01-22,A-,Female
161,sdv-pii-i7dms,sdv-id-161,davidnelson@example.com,511.507.1735,1970-09-03,O+,Female
162,sdv-pii-w8su7,sdv-id-162,ortizmichele@example.com,(801)907-2530x639,1970-05-24,B-,Female
163,sdv-pii-zm1wz,sdv-id-163,bennettlatoya@example.org,(579)648-6218x36048,1986-01-30,A+,Female
164,sdv-pii-xc1f1,sdv-id-164,jennifer08@example.org,001-421-845-2276,1966-03-16,B-,Female
165,sdv-pii-bi4ji,sdv-id-165,kim95@example.com,601.900.4987x92418,2001-03-13,O-,Female
166,sdv-pii-nbiv9,sdv-id-166,cabreramichelle@example.com,+1-271-492-1796x912,1998-05-22,A+,Female
167,sdv-pii-20ab1,sdv-id-167,meghanjohnson@example.org,794.379.4595,1993-10-22,O+,Female
168,sdv-pii-si8yq,sdv-id-168,heatherstout@example.net,+1-955-251-8778x60075,1955-06-15,B+,Male
169,sdv-pii-vv2d7,sdv-id-169,judy90@example.net,351.663.7617x798,1956-12-23,O-,Male
170,sdv-pii-5ilsu,sdv-id-170,andrew36@example.com,(529)556-4054x84037,1965-09-22,B+,Male
171,sdv-pii-9igtx,sdv-id-171,lindseygibbs@example.net,7925135260,1996-08-17,O-,Male
172,sdv-pii-l4cuw,sdv-id-172,samantha18@example.net,001-816-649-5290x13325,1990-09-22,AB-,Male
173,sdv-pii-i1fp7,sdv-id-173,dudleyjoseph@example.com,(950)507-3561,1941-09-20,A-,Male
174,sdv-pii-1bwtg,sdv-id-174,bennettjoseph@example.org,(982)380-3829,1940-02-04,A-,Male
175,sdv-pii-szv6r,sdv-id-175,brenda66@example.com,677-398-9213,1989-04-14,O-,Female
176,sdv-pii-48knh,sdv-id-176,sheppardvicki@example.com,(571)507-3161,1944-05-29,A+,Female
177,sdv-pii-5xli0,sdv-id-177,jared50@example.net,(348)262-0169x274,1973-07-15,A-,Female
178,sdv-pii-bywrj,sdv-id-178,joseph66@example.net,001-232-360-0067,1997-03-18,O-,Female
179,sdv-pii-in9x3,sdv-id-179,matthew01@example.com,209.898.3356x909,1983-07-02,AB+,Male
180,sdv-pii-wsd6w,sdv-id-180,jonathanwoodward@example.com,001-634-799-3574x0153,1989-06-11,AB+,Female
181,sdv-pii-9ugzv,sdv-id-181,brianmadden@example.org,590.829.0420x95041,1977-05-19,A+,Female
182,sdv-pii-dp6su,sdv-id-182,douglaspayne@example.com,200.290.5384x925,1987-02-26,A+,Male
183,sdv-pii-io23m,sdv-id-183,xtrujillo@example.net,592.748.4176,1943-07-18,A+,Female
184,sdv-pii-tg36w,sdv-id-184,ortegakim@example.net,(547)928-5759x60058,1987-04-11,A+,Male
185,sdv-pii-uu9sz,sdv-id-185,stantonkrystal@example.com,001-983-243-1820x62794,1964-08-30,AB-,Male
186,sdv-pii-xcqpc,sdv-id-186,hjoseph@example.net,(741)806-7813x0036,1995-04-17,B+,Male
187,sdv-pii-1kvnv,sdv-id-187,phamholly@example.com,001-455-778-7307x73003,1938-10-04,A-,Female
188,sdv-pii-f9enr,sdv-id-188,millerjoseph@example.net,(813)740-5472x5493,1966-08-20,AB-,Female
189,sdv-pii-14tjb,sdv-id-189,henryrobert@example.net,+1-481-738-1349x5689,1997-01-02,A+,Male
190,sdv-pii-4awsi,sdv-id-190,jamesmarshall@example.net,+1-971-304-0846x853,1994-05-14,A-,Male
191,sdv-pii-ur7s0,sdv-id-191,johnsonangela@example.net,(299)968-1413,1981-04-08,AB-,Male
192,sdv-pii-djeuz,sdv-id-192,tamara28@example.net,6237897876,1940-05-08,O+,Male
193,sdv-pii-spnc2,sdv-id-193,blanchardpatricia@example.org,001-374-530-3881,1982-07-23,A-,Male
194,sdv-pii-gyu77,sdv-id-194,stephaniehart@example.com,+1-318-519-9060x700,1978-10-28,O+,Female
195,sdv-pii-osc8t,sdv-id-195,gary77@example.org,001-947-488-6390x8693,1984-08-14,B+,Male
196,sdv-pii-eatmh,sdv-id-196,thompsonnicholas@example.net,+1-681-428-5831x558,1937-06-25,A+,Male
197,sdv-pii-7anhj,sdv-id-197,jacksonolivia@example.net,+1-833-521-6886x32552,1970-02-21,AB+,Female
198,sdv-pii-sg62f,sdv-id-198,jason94@example.com,678-520-2239,1990-01-10,A+,Female
199,sdv-pii-vu9tz,sdv-id-199,candiceruiz@example.com,729-506-2468x571,1937-06-08,O+,Female
200,sdv-pii-lw6gs,sdv-id-200,daniel24@example.org,001-771-639-8091,1942-04-22,AB-,Male
201,sdv-pii-dqfyv,sdv-id-201,nancy28@example.org,001-976-255-6305x979,1971-03-02,AB-,Female
202,sdv-pii-2cwwd,sdv-id-202,joshua33@example.com,598-643-3938,1957-12-13,B+,Male
203,sdv-pii-rb6e0,sdv-id-203,xmayo@example.org,864-748-5379x9595,1966-06-06,A+,Female
204,sdv-pii-0iepj,sdv-id-204,jonesjeffrey@example.org,(585)208-4466,1954-12-30,AB+,Male
205,sdv-pii-uzm8m,sdv-id-205,gloriagarcia@example.com,665.628.0695,1983-04-17,O+,Male
206,sdv-pii-dzqvf,sdv-id-206,lindsey57@example.com,3163260707,1988-05-21,AB+,Female
207,sdv-pii-08ogg,sdv-id-207,arodriguez@example.com,001-644-447-8261x8567,1991-12-20,B-,Female
208,sdv-pii-m1pun,sdv-id-208,angel59@example.net,4266452332,1935-05-23,O+,Female
209,sdv-pii-bljr2,sdv-id-209,samanthapowell@example.com,(222)505-3116x1121,1941-12-12,A+,Female
210,sdv-pii-77h3c,sdv-id-210,lucasadrian@example.org,557-971-2273x3017,2000-04-29,A+,Female
211,sdv-pii-hta79,sdv-id-211,amyjenkins@example.org,786-431-7396x5732,1938-08-14,O+,Male
212,sdv-pii-4rcc4,sdv-id-212,jessica21@example.net,(520)412-3235x58573,1949-02-27,B+,Female
213,sdv-pii-ure7z,sdv-id-213,samantha83@example.org,507-710-2995x60221,1941-08-14,A+,Female
214,sdv-pii-mnzz7,sdv-id-214,watsonsamuel@example.net,896.611.8577,1943-01-21,A+,Male
215,sdv-pii-fhxko,sdv-id-215,michael61@example.net,(859)329-7859,1963-12-07,B-,Female
216,sdv-pii-r19u0,sdv-id-216,ramirezcaitlin@example.net,001-516-561-8112x249,1954-06-06,AB+,Male
217,sdv-pii-tskmn,sdv-id-217,williamprince@example.org,411-532-8001x32334,1969-02-03,A+,Male
218,sdv-pii-dd1r7,sdv-id-218,jasminemartin@example.com,824.315.3408x052,1964-08-08,B-,Female
219,sdv-pii-opall,sdv-id-219,lopezemily@example.org,+1-306-567-5610x078,1979-06-12,O+,Female
220,sdv-pii-vc8m6,sdv-id-220,sarnold@example.net,001-871-734-4160,1940-08-16,B+,Female
221,sdv-pii-3wbcj,sdv-id-221,carmenaustin@example.com,9609030397,1964-10-22,B-,Female
222,sdv-pii-mpvyp,sdv-id-222,amandaoconnor@example.org,(536)601-6880x48598,1999-11-04,O-,Male
223,sdv-pii-v2gfj,sdv-id-223,amy11@example.org,758-680-6310,1968-10-14,AB-,Male
224,sdv-pii-xm97q,sdv-id-224,wowen@example.net,(208)428-7472,1965-07-08,AB+,Male
225,sdv-pii-kuj0w,sdv-id-225,roberthouston@example.net,001-949-780-0231,1984-04-05,AB-,Female
226,sdv-pii-694kg,sdv-id-226,samanthasmith@example.net,(955)822-9627,1937-05-09,A+,Male
227,sdv-pii-nrxdp,sdv-id-227,ddonovan@example.com,+1-769-822-9249,1942-11-27,A+,Female
228,sdv-pii-9cglb,sdv-id-228,gpeters@example.org,433.741.8430,1984-11-29,A+,Male
229,sdv-pii-npuyr,sdv-id-229,fishertanya@example.org,(218)828-3256x35830,1971-07-26,O-,Female
230,sdv-pii-oikvz,sdv-id-230,ewise@example.net,(618)683-7107,1998-01-20,AB-,Female
231,sdv-pii-rg3la,sdv-id-231,bbrewer@example.org,720-418-1051x73116,1937-07-25,B-,Male
232,sdv-pii-jakko,sdv-id-232,dianadiaz@example.net,749-649-2359x829,1998-02-28,O-,Male
233,sdv-pii-tapaa,sdv-id-233,wwilliams@example.org,226.245.8320x95236,1944-01-31,B+,Male
234,sdv-pii-nnnoj,sdv-id-234,darlene09@example.org,001-933-907-9870,1979-12-04,AB-,Male
235,sdv-pii-kxwde,sdv-id-235,holmesgabriel@example.net,539-777-6127x3490,2003-12-03,O+,Male
236,sdv-pii-7zwbf,sdv-id-236,stevengood@example.com,919.240.8388x785,1967-12-02,B-,Male
237,sdv-pii-t1slm,sdv-id-237,dbruce@example.com,001-747-858-4467x403,1995-07-03,AB+,Male
238,sdv-pii-i802d,sdv-id-238,angel02@example.org,+1-630-564-5548x703,1977-12-23,B-,Female
239,sdv-pii-85k5s,sdv-id-239,brianna26@example.org,001-243-662-0196x3420,1978-03-07,AB-,Female
240,sdv-pii-jwbrh,sdv-id-240,donald52@example.net,364.310.4806x880,1978-03-10,A-,Male
241,sdv-pii-2asch,sdv-id-241,sullivanelizabeth@example.com,001-657-718-0745x52552,1977-08-17,AB+,Male
242,sdv-pii-77mq1,sdv-id-242,allenellis@example.net,431-210-8047x666,1955-03-24,AB+,Male
243,sdv-pii-erndb,sdv-id-243,jjackson@example.org,(509)470-0581x68319,2000-03-13,AB-,Female
244,sdv-pii-owpys,sdv-id-244,fcooper@example.org,762.735.1146x6444,1947-07-31,O-,Female
245,sdv-pii-r1adr,sdv-id-245,robertbarnes@example.net,906-838-1925,1997-09-16,AB+,Male
246,sdv-pii-sko8j,sdv-id-246,tsalas@example.org,001-499-592-5572,1983-01-07,B-,Male
247,sdv-pii-tu295,sdv-id-247,jose48@example.org,+1-686-369-4866x1603,1981-08-14,A+,Male
248,sdv-pii-bcm0l,sdv-id-248,andrew84@example.net,001-596-296-6108x02618,1970-11-26,B+,Male
249,sdv-pii-pz2rp,sdv-id-249,angelicaweeks@example.com,(288)927-2791x240,1959-02-25,A+,Female
250,sdv-pii-kqkdi,sdv-id-250,jordanjamie@example.net,788-658-3227,1957-05-12,B+,Female
251,sdv-pii-l0z4x,sdv-id-251,david35@example.org,702.410.8471x9271,1976-09-19,O+,Female
252,sdv-pii-52h9h,sdv-id-252,charleslane@example.com,307.583.4693,2001-01-09,O-,Female
253,sdv-pii-i3gtb,sdv-id-253,iluna@example.net,001-710-399-0724x1399,1967-10-26,A+,Male
254,sdv-pii-nn3cs,sdv-id-254,brendajohnson@example.net,(444)815-2909x43622,1953-11-18,B+,Male
255,sdv-pii-l52zh,sdv-id-255,angelicaboyd@example.org,5996862264,1997-07-22,AB-,Male
256,sdv-pii-q66e3,sdv-id-256,anelson@example.org,(655)703-6416x8824,1951-03-08,AB-,Female
257,sdv-pii-6admp,sdv-id-257,lesliesmith@example.org,001-689-219-3214x360,1938-01-23,B+,Male
258,sdv-pii-ukn1z,sdv-id-258,rebekah67@example.net,438-847-9941,1995-08-08,O-,Male
259,sdv-pii-r3nfd,sdv-id-259,paul72@example.com,+1-474-579-2444x4603,1991-01-24,O+,Female
260,sdv-pii-8llib,sdv-id-260,timothythompson@example.net,(793)295-0605x1662,1979-10-14,A+,Male
261,sdv-pii-oaae5,sdv-id-261,wvaughan@example.com,879-723-4528x48226,2002-05-21,AB+,Female
262,sdv-pii-njq2v,sdv-id-262,hooverthomas@example.net,841.906.0377,1943-08-06,O+,Male
263,sdv-pii-jfyow,sdv-id-263,stephanie95@example.net,2038704388,1972-05-10,A-,Male
264,sdv-pii-xdor0,sdv-id-264,breed@example.org,+1-755-770-3881,1983-09-29,AB+,Female
265,sdv-pii-huqif,sdv-id-265,melissarobinson@example.net,228.338.4542,1997-10-16,A-,Male
266,sdv-pii-59b62,sdv-id-266,kevin14@example.com,001-781-910-4505x452,1944-11-15,O+,Male
267,sdv-pii-obwe3,sdv-id-267,manderson@example.net,+1-931-366-4683x3314,1942-03-17,O+,Female
268,sdv-pii-ezob5,sdv-id-268,yolandabooker@example.com,980.453.1114x47729,1936-05-10,AB-,Female
269,sdv-pii-32gb4,sdv-id-269,hhouse@example.com,001-536-489-0561x5542,1961-02-23,AB-,Male
270,sdv-pii-xiu5t,sdv-id-270,andersonrobin@example.org,001-917-398-0480x0951,2001-09-06,O-,Female
271,sdv-pii-ke2eh,sdv-id-271,imyers@example.com,694-674-9765,2002-06-17,O+,Female
272,sdv-pii-kadvb,sdv-id-272,loweryamanda@example.com,885-797-2096x3168,2005-06-29,A-,Female
273,sdv-pii-8r2j1,sdv-id-273,michaelscott@example.net,858-729-6910x11882,1959-03-29,B-,Female
274,sdv-pii-4srum,sdv-id-274,morgan47@example.net,+1-800-396-0529x48909,2003-03-27,A+,Male
275,sdv-pii-onkng,sdv-id-275,karenharding@example.com,379-958-3507x98279,1978-09-05,AB-,Male
276,sdv-pii-dtm4r,sdv-id-276,francokatrina@example.com,001-518-665-7274x6432,1952-01-27,AB-,Female
277,sdv-pii-sf1pi,sdv-id-277,collinskevin@example.net,664-443-5605x9416,1952-08-27,O-,Male
278,sdv-pii-52i08,sdv-id-278,anthony56@example.org,+1-205-940-7512x32080,1987-12-09,O-,Female
279,sdv-pii-j3gjy,sdv-id-279,ronald64@example.net,351.967.7270x62165,1983-12-20,B-,Female
280,sdv-pii-uw084,sdv-id-280,tuckerchristopher@example.net,001-297-609-3274x4828,1979-12-13,O+,Female
281,sdv-pii-2kptr,sdv-id-281,joseph72@example.com,618.872.9191x1759,1942-03-29,B+,Male
282,sdv-pii-f0a2t,sdv-id-282,scottjustin@example.net,+1-214-582-9311,1955-03-24,AB+,Female
283,sdv-pii-grkh6,sdv-id-283,marshallrobert@example.com,283-322-7512x7556,1970-12-21,B-,Male
284,sdv-pii-eej7i,sdv-id-284,richard00@example.com,001-884-308-5520x33633,1943-07-02,B-,Male
285,sdv-pii-xxgy1,sdv-id-285,donald55@example.com,+1-632-696-3245x87369,2004-02-29,B-,Female
286,sdv-pii-e6lk7,sdv-id-286,jamesjohnson@example.com,772-636-3956x6742,1980-01-21,A-,Male
287,sdv-pii-ld7dz,sdv-id-287,umartinez@example.com,001-503-399-8487x8905,1948-08-27,B+,Female
288,sdv-pii-mq8jd,sdv-id-288,melissaduffy@example.com,670.764.0009x200,1959-01-05,B+,Female
289,sdv-pii-9rqo9,sdv-id-289,juliawhite@example.com,+1-853-758-9752x05298,1971-01-25,AB+,Female
290,sdv-pii-hz1zo,sdv-id-290,petersbrandon@example.com,(876)245-1093x9501,1958-10-21,A-,Female
291,sdv-pii-9ori6,sdv-id-291,rebecca80@example.org,(381)462-5974x27457,1982-12-10,B+,Female
292,sdv-pii-jpf06,sdv-id-292,linda48@example.org,+1-329-399-1102x7623,1969-08-04,B+,Female
293,sdv-pii-lbx6m,sdv-id-293,qmiller@example.org,7115584231,1988-07-01,A+,Female
294,sdv-pii-8r9x1,sdv-id-294,leediamond@example.net,839-704-4435x6066,2002-10-21,B-,Male
295,sdv-pii-vpjmw,sdv-id-295,mgonzalez@example.org,387.239.7078,1988-11-16,AB-,Female
296,sdv-pii-wwq33,sdv-id-296,beckycastro@example.com,001-279-860-9516x351,1971-10-27,O-,Female
297,sdv-pii-b9v5l,sdv-id-297,llozano@example.net,(802)458-6346x9143,1947-12-10,B-,Male
298,sdv-pii-qaimf,sdv-id-298,oparks@example.org,(753)879-1361x793,1938-01-31,O-,Female
299,sdv-pii-x310x,sdv-id-299,bakermarcus@example.net,(594)346-7848,1992-02-25,A+,Female
300,sdv-pii-vdijt,sdv-id-300,lisa48@example.net,+1-301-250-4854x62401,1996-05-04,O-,Female
301,sdv-pii-4vp6w,sdv-id-301,matthew89@example.com,(244)418-0062x25601,1998-06-06,B-,Female
302,sdv-pii-g1a3g,sdv-id-302,jessica61@example.net,(231)395-7940x042,1972-06-09,A+,Male
303,sdv-pii-wzhep,sdv-id-303,whayes@example.net,+1-224-775-8246x488,1954-11-26,B-,Male
304,sdv-pii-gthgn,sdv-id-304,merrittjessica@example.org,(890)674-3371x787,1979-03-07,AB-,Female
305,sdv-pii-zjdv2,sdv-id-305,rebeccamercer@example.net,001-751-312-5157x6534,1973-08-14,AB+,Male
306,sdv-pii-45ddj,sdv-id-306,jennifertran@example.com,714.727.3990x215,1991-08-01,B+,Female
307,sdv-pii-0f2zp,sdv-id-307,erikcarter@example.com,+1-235-466-2218,1963-09-06,B+,Female
308,sdv-pii-a16pp,sdv-id-308,dean85@example.net,342-465-4480x033,1972-04-08,B-,Male
309,sdv-pii-f6lqa,sdv-id-309,linda79@example.org,(531)408-5686x85962,1954-11-18,AB+,Male
310,sdv-pii-a1ak2,sdv-id-310,martinezwilliam@example.net,001-320-921-1962,1972-09-12,B-,Male
311,sdv-pii-vznzs,sdv-id-311,daniellehouston@example.net,865-632-6624x31419,1988-04-25,AB+,Female
312,sdv-pii-r7vsx,sdv-id-312,katie14@example.org,7039408159,1937-12-06,O-,Female
313,sdv-pii-800sd,sdv-id-313,cynthiahart@example.org,7178339851,1968-05-23,A+,Female
314,sdv-pii-h58nh,sdv-id-314,taylorsusan@example.org,542.237.6619,1949-04-05,AB-,Female
315,sdv-pii-t2qir,sdv-id-315,stacyblackwell@example.org,603-240-0218x1283,1937-11-05,O-,Male
316,sdv-pii-5xuzp,sdv-id-316,keith67@example.org,641-768-4812,1935-03-22,A+,Male
317,sdv-pii-y9y2p,sdv-id-317,markjones@example.com,(392)416-3350x206,1952-08-03,B-,Male
318,sdv-pii-6t1ff,sdv-id-318,stephanie03@example.net,+1-756-397-8988x18370,1945-09-25,AB-,Male
319,sdv-pii-r6bge,sdv-id-319,uroberts@example.org,506-273-7103x897,1944-01-05,AB-,Male
320,sdv-pii-8bs23,sdv-id-320,lewisamber@example.net,4678921547,1954-03-07,AB+,Male
321,sdv-pii-s40ik,sdv-id-321,angelapugh@example.org,001-415-665-5373x6825,1949-12-08,O+,Female
322,sdv-pii-61sje,sdv-id-322,gregorymorales@example.com,5919191054,1961-11-19,AB+,Male
323,sdv-pii-ly27r,sdv-id-323,cooklaurie@example.net,798.645.2426x79767,1961-12-28,O-,Male
324,sdv-pii-loonw,sdv-id-324,smarshall@example.net,+1-747-669-0082x3683,1984-07-03,O+,Female
325,sdv-pii-xh4z0,sdv-id-325,nchase@example.org,3363840151,1989-01-24,AB+,Female
326,sdv-pii-s1vr6,sdv-id-326,jessicashields@example.org,583-616-2183x3831,1980-05-10,A-,Female
327,sdv-pii-poas1,sdv-id-327,bakerleslie@example.com,+1-626-558-2187x072,1941-02-12,A-,Male
328,sdv-pii-r6qxw,sdv-id-328,meredith53@example.net,844-216-5742x53517,1980-07-19,O+,Male
329,sdv-pii-k03bh,sdv-id-329,tina32@example.net,322-224-1884,1952-10-16,AB-,Female
330,sdv-pii-zqfv6,sdv-id-330,kshepherd@example.org,979-452-2585x11215,1970-01-31,O-,Male
331,sdv-pii-fqnda,sdv-id-331,joshua96@example.org,001-249-503-8307,1957-02-22,O+,Male
332,sdv-pii-zplq0,sdv-id-332,brian18@example.net,817.750.0881x041,1999-06-25,A+,Male
333,sdv-pii-cc6hn,sdv-id-333,brandonbruce@example.net,001-332-836-4098x4253,1989-02-23,O-,Male
334,sdv-pii-roqcy,sdv-id-334,alexander86@example.org,001-520-970-6942,1972-09-08,O+,Male
335,sdv-pii-v0xab,sdv-id-335,butlernicole@example.org,001-859-584-9009,1980-11-08,O-,Male
336,sdv-pii-pgrsa,sdv-id-336,christopher14@example.net,+1-520-414-5331x9093,2005-02-09,AB-,Female
337,sdv-pii-ok1ru,sdv-id-337,kimberly31@example.net,+1-996-351-0549,1989-01-11,AB+,Male
338,sdv-pii-kqkbx,sdv-id-338,johnsonjoel@example.com,001-894-370-0432x3694,1998-11-22,A+,Male
339,sdv-pii-jku8g,sdv-id-339,lindawilliams@example.net,373-683-4420,1982-01-11,O+,Male
340,sdv-pii-5x6hk,sdv-id-340,smithjohn@example.org,639.378.6188x5175,2000-10-01,AB+,Female
341,sdv-pii-aehqy,sdv-id-341,lrichards@example.net,554-784-2843,1996-05-05,A+,Male
342,sdv-pii-poez2,sdv-id-342,steelejose@example.net,569-718-3266x742,1936-04-19,A+,Male
343,sdv-pii-77zd9,sdv-id-343,wilsonjustin@example.net,+1-232-255-6739x483,1957-12-06,O-,Male
344,sdv-pii-doltd,sdv-id-344,robinsondaniel@example.net,701.929.7109x8196,1951-11-28,O-,Male
345,sdv-pii-29uau,sdv-id-345,jonesmichael@example.org,+1-727-875-6854x463,1974-08-08,O+,Male
346,sdv-pii-6le3v,sdv-id-346,melissamartinez@example.net,4786019255,1992-07-01,O+,Female
347,sdv-pii-mbsq8,sdv-id-347,johnathanrivera@example.org,634.280.7555x773,1995-06-16,AB-,Female
348,sdv-pii-tpurx,sdv-id-348,fisherbarbara@example.net,949-530-9687,1954-12-30,AB-,Female
349,sdv-pii-o65xz,sdv-id-349,sgarcia@example.org,001-557-348-3841x7049,1990-10-28,AB-,Female
350,sdv-pii-fqato,sdv-id-350,erin13@example.org,893.926.3680,1961-05-06,B+,Female
351,sdv-pii-3qtsl,sdv-id-351,wtucker@example.org,+1-676-796-8385x65730,2000-03-24,AB+,Female
352,sdv-pii-azrtz,sdv-id-352,ericmiller@example.com,292.482.4771,1953-05-23,O+,Female
353,sdv-pii-iwmwl,sdv-id-353,meghanbrowning@example.net,502.917.5758x0693,1933-11-29,A+,Female
354,sdv-pii-tpqju,sdv-id-354,lfleming@example.net,001-240-417-1415x044,1998-09-08,O-,Female
355,sdv-pii-fl6wh,sdv-id-355,gpowers@example.org,858-646-3035x7081,1982-06-27,B-,Male
356,sdv-pii-1003z,sdv-id-356,scottnelson@example.net,(360)644-5877,1951-11-20,A+,Female
357,sdv-pii-1fuq2,sdv-id-357,vellis@example.org,388.620.7032x594,1996-07-22,B-,Female
358,sdv-pii-9ln3u,sdv-id-358,kaitlynmartinez@example.org,353.748.2936,1984-12-30,O-,Male
359,sdv-pii-tqmvy,sdv-id-359,aprilharrison@example.net,+1-369-591-6686,1947-02-03,AB-,Male
360,sdv-pii-u1i14,sdv-id-360,cowandevon@example.net,(966)948-8761x296,1983-10-06,O+,Female
361,sdv-pii-v1sf8,sdv-id-361,whitecraig@example.org,810.456.0346x074,1979-07-07,AB+,Female
362,sdv-pii-44677,sdv-id-362,savannahlopez@example.net,+1-718-920-2077,1993-07-21,A+,Male
363,sdv-pii-5zbsz,sdv-id-363,jcochran@example.com,461-936-4133x6411,1996-07-10,AB+,Male
364,sdv-pii-1ut3z,sdv-id-364,johnsonjoshua@example.org,+1-571-222-2384x9183,1961-08-09,O-,Male
365,sdv-pii-bveid,sdv-id-365,cbrown@example.org,+1-734-481-1961x874,1956-03-15,A+,Male
366,sdv-pii-ur49m,sdv-id-366,hansonerica@example.org,001-802-796-9815,1950-07-26,B-,Female
367,sdv-pii-l5x3u,sdv-id-367,connie33@example.net,573.270.0804x4121,1956-02-28,AB-,Female
368,sdv-pii-mmfl5,sdv-id-368,williamolson@example.org,533.488.6624,1979-10-19,A+,Male
369,sdv-pii-fppou,sdv-id-369,timothy04@example.com,(328)378-9767x264,1975-09-19,A-,Female
370,sdv-pii-7pywx,sdv-id-370,johnstonbrian@example.net,+1-898-250-6643x211,1946-01-18,A+,Male
371,sdv-pii-dl3ld,sdv-id-371,gthomas@example.org,(963)632-9595,2004-11-27,O+,Female
372,sdv-pii-gn6rn,sdv-id-372,colleenklein@example.net,(316)424-6064x64849,1980-04-18,A+,Female
373,sdv-pii-jdfif,sdv-id-373,annaaustin@example.net,+1-821-306-9923x19836,1984-11-26,O-,Female
374,sdv-pii-1w73c,sdv-id-374,handerson@example.org,491-811-3090,1967-09-03,O+,Female
375,sdv-pii-9yt53,sdv-id-375,kaguirre@example.org,001-600-640-8549,1935-03-31,A-,Female
376,sdv-pii-rkcp3,sdv-id-376,hollyfuentes@example.org,573-997-4403x845,1976-06-11,B-,Female
377,sdv-pii-0f07y,sdv-id-377,jenniferanderson@example.net,362.313.9618x5920,1968-12-30,O-,Female
378,sdv-pii-7fi4d,sdv-id-378,tmorales@example.org,622.611.2353x90336,1966-07-18,O-,Male
379,sdv-pii-yq2h4,sdv-id-379,john88@example.net,001-327-708-6817,1988-05-30,A-,Female
380,sdv-pii-emjz8,sdv-id-380,sarahjohnston@example.com,352.711.3539,1965-05-30,O+,Female
381,sdv-pii-muf5u,sdv-id-381,jessica08@example.org,572.783.8467,1952-11-02,AB-,Female
382,sdv-pii-k75im,sdv-id-382,gallagherstephanie@example.org,3786125139,1936-08-20,AB+,Female
383,sdv-pii-dzrm8,sdv-id-383,moorejay@example.org,887.943.5967x72209,1980-11-19,A+,Male
384,sdv-pii-9yt1i,sdv-id-384,wmurphy@example.com,+1-904-635-4575x8334,1967-06-13,AB-,Female
385,sdv-pii-2fop9,sdv-id-385,butlercameron@example.org,598-585-4385,1999-10-21,B-,Male
386,sdv-pii-t4o29,sdv-id-386,erik41@example.org,7103851903,1953-04-06,O-,Female
387,sdv-pii-5uq0m,sdv-id-387,ununez@example.net,(811)449-5457,1933-12-13,AB+,Male
388,sdv-pii-5p4zr,sdv-id-388,khunter@example.com,(826)590-4360x2476,1978-05-05,AB-,Female
389,sdv-pii-akjur,sdv-id-389,ufrederick@example.net,+1-571-213-0994x3418,1964-08-02,O-,Male
390,sdv-pii-jgckt,sdv-id-390,gwilliams@example.net,(449)393-4616,1991-02-26,O-,Female
391,sdv-pii-7mucr,sdv-id-391,martinezjames@example.org,6756009299,1979-06-11,O-,Male
392,sdv-pii-xndnx,sdv-id-392,rsmith@example.net,886-334-3221x651,1960-05-03,O+,Male
393,sdv-pii-cegl1,sdv-id-393,karen52@example.org,+1-992-686-4304x8132,1969-04-05,B-,Male
394,sdv-pii-k6i3v,sdv-id-394,ctaylor@example.org,+1-440-707-3633x748,1949-01-16,O-,Female
395,sdv-pii-w3syt,sdv-id-395,annelang@example.com,383.583.9932,1946-03-02,B-,Female
396,sdv-pii-236jp,sdv-id-396,jamespierce@example.org,+1-992-512-1300,1982-05-15,A-,Male
397,sdv-pii-oumrc,sdv-id-397,bjackson@example.net,001-935-248-6518x00553,2001-11-20,O-,Female
398,sdv-pii-tlgqw,sdv-id-398,monicaadams@example.net,(431)799-5357x974,1954-01-22,AB+,Female
399,sdv-pii-55vqm,sdv-id-399,allenmegan@example.com,(788)417-8689x70447,1997-09-26,AB-,Male
400,sdv-pii-xz96t,sdv-id-400,sjones@example.com,(235)874-0107,1975-02-11,A+,Male
401,sdv-pii-wxc1d,sdv-id-401,francisfleming@example.org,544-342-7095,2001-01-03,B-,Female
402,sdv-pii-l8zde,sdv-id-402,shenderson@example.com,596.748.6686,2006-01-08,A+,Male
403,sdv-pii-ys053,sdv-id-403,xschwartz@example.net,+1-637-726-5020,1956-07-22,O+,Male
404,sdv-pii-8pkvp,sdv-id-404,kellymeyers@example.com,473-592-9519x755,1969-02-19,B+,Female
405,sdv-pii-pula8,sdv-id-405,jthompson@example.com,+1-686-427-5086x73183,1974-12-19,B-,Male
406,sdv-pii-qk1d4,sdv-id-406,castromichelle@example.com,7017423153,1939-12-14,B+,Male
407,sdv-pii-ecxws,sdv-id-407,mariafritz@example.com,431.733.5450x33001,1938-08-20,AB-,Male
408,sdv-pii-4qp8v,sdv-id-408,travisbentley@example.com,381.414.0418x40275,1976-09-18,B+,Male
409,sdv-pii-hlp5a,sdv-id-409,kathleenbrown@example.org,477.958.9676x4838,1981-03-23,AB+,Female
410,sdv-pii-5e27w,sdv-id-410,casey52@example.org,959-774-3836,1949-05-06,AB-,Male
411,sdv-pii-1mxc4,sdv-id-411,johnsoncody@example.net,(961)614-8066,2003-04-23,O-,Female
412,sdv-pii-twk69,sdv-id-412,batesjames@example.net,(226)697-8116x67180,1966-01-19,O-,Male
413,sdv-pii-9vj6n,sdv-id-413,mcclainsteven@example.org,2817864413,2004-11-10,O+,Female
414,sdv-pii-q138f,sdv-id-414,kevin90@example.com,8184249397,1999-03-04,B-,Female
415,sdv-pii-qpfyg,sdv-id-415,phillipsandrea@example.com,649-805-8846x495,1982-12-23,B-,Female
416,sdv-pii-sh5rv,sdv-id-416,williamwilliams@example.org,001-704-311-8861x739,1998-06-21,O-,Female
417,sdv-pii-bvi06,sdv-id-417,wrichards@example.net,001-238-561-7054x571,1955-02-05,B-,Male
418,sdv-pii-6wlxo,sdv-id-418,hillandres@example.com,204-386-8687,1954-07-30,A-,Male
419,sdv-pii-lspfp,sdv-id-419,troy48@example.com,+1-573-632-5238,1974-05-04,O-,Male
420,sdv-pii-3xukm,sdv-id-420,gjohnson@example.org,596-344-9024x034,1995-12-02,A+,Female
421,sdv-pii-42mft,sdv-id-421,danielrice@example.com,(867)424-4637,1975-10-16,AB-,Female
422,sdv-pii-2udfa,sdv-id-422,james96@example.org,(861)925-7280x83526,1955-05-29,AB-,Male
423,sdv-pii-xzcap,sdv-id-423,kelleyjennifer@example.com,(739)786-7132,1984-06-02,AB+,Male
424,sdv-pii-go0n1,sdv-id-424,zacharypeters@example.net,(364)353-5654x2953,1937-06-27,AB-,Female
425,sdv-pii-v8y0b,sdv-id-425,devon94@example.org,+1-603-526-0769x776,1946-03-26,O-,Male
426,sdv-pii-hwzx1,sdv-id-426,mcarson@example.net,+1-916-603-2119x7825,1969-12-13,AB+,Female
427,sdv-pii-wjwt6,sdv-id-427,hernandezdan@example.com,603.788.8474x9689,2002-10-31,O-,Female
428,sdv-pii-ssqy8,sdv-id-428,mccannpeggy@example.com,833-754-0528x755,1998-03-25,A-,Female
429,sdv-pii-k0yp2,sdv-id-429,james37@example.com,832-724-8207x8999,1980-06-03,O+,Female
430,sdv-pii-bv845,sdv-id-430,conleyrenee@example.net,649-569-8641x40364,1987-08-09,B-,Female
431,sdv-pii-uu9of,sdv-id-431,jose97@example.com,432-648-6835x672,1949-01-13,B+,Female
432,sdv-pii-we6py,sdv-id-432,bsmith@example.net,994.891.5088,1958-06-04,O-,Male
433,sdv-pii-jvvi0,sdv-id-433,jtaylor@example.org,(357)274-7072x591,1966-12-26,O+,Female
434,sdv-pii-dygdk,sdv-id-434,jacksonmaria@example.org,634.729.9667,1957-05-18,O+,Female
435,sdv-pii-vtwue,sdv-id-435,michellehunter@example.net,001-699-315-9485,1980-05-24,AB+,Female
436,sdv-pii-f3v59,sdv-id-436,williamsmatthew@example.com,(607)604-8127x19719,1970-04-29,A-,Female
437,sdv-pii-245ah,sdv-id-437,kentaustin@example.com,399-848-9734x0918,1987-09-19,O-,Male
438,sdv-pii-46yjo,sdv-id-438,christopher36@example.org,813-966-7913,1967-03-11,A-,Male
439,sdv-pii-v07rs,sdv-id-439,fbecker@example.com,+1-616-478-7693,2000-07-09,A+,Female
440,sdv-pii-s1ihc,sdv-id-440,ostark@example.com,5862627630,1995-08-02,AB+,Male
441,sdv-pii-19d7b,sdv-id-441,ashleyarmstrong@example.com,874-483-6478x241,1945-02-04,AB-,Female
442,sdv-pii-71b31,sdv-id-442,brucenatalie@example.com,848.599.4074,1936-07-30,B-,Male
443,sdv-pii-2psj0,sdv-id-443,jeffreymedina@example.com,+1-405-980-6401x00467,1936-05-07,AB-,Female
444,sdv-pii-0c9g2,sdv-id-444,leejordan@example.com,+1-301-409-0275x0474,1984-06-19,O+,Male
445,sdv-pii-ltm8s,sdv-id-445,jimenezjohn@example.com,860.876.2306,1971-05-19,O+,Male
446,sdv-pii-lh8yz,sdv-id-446,cheryljackson@example.org,2922743414,1949-08-13,AB-,Female
447,sdv-pii-6dcb7,sdv-id-447,racheljoyce@example.net,377.912.5889x86845,1941-02-20,AB-,Female
448,sdv-pii-z2v8n,sdv-id-448,michaelnelson@example.org,243-498-2110x68231,1948-02-15,B+,Male
449,sdv-pii-et6xf,sdv-id-449,wilkinsrichard@example.org,689-724-7452x73104,1964-07-22,A+,Male
450,sdv-pii-8akn8,sdv-id-450,gquinn@example.org,241.337.7353x2987,1983-02-23,A-,Female
451,sdv-pii-1441w,sdv-id-451,nielsenallison@example.net,001-967-409-4630x1651,1985-08-19,O+,Female
452,sdv-pii-6tgta,sdv-id-452,mhernandez@example.org,4457463802,1951-11-23,A+,Male
453,sdv-pii-pvbcw,sdv-id-453,kelseyrichardson@example.com,686.513.4309,1949-05-21,B-,Male
454,sdv-pii-456o8,sdv-id-454,kimberly64@example.org,938.290.3165x8749,1965-10-23,O-,Male
455,sdv-pii-i1g8m,sdv-id-455,adam00@example.org,001-473-311-0373,1999-11-09,B-,Male
456,sdv-pii-2khhb,sdv-id-456,perezanthony@example.org,001-980-610-8210x829,1935-08-03,AB-,Female
457,sdv-pii-r3gqq,sdv-id-457,danielcummings@example.net,527.792.4633x6061,1957-10-19,B+,Female
458,sdv-pii-qxqds,sdv-id-458,mtrevino@example.net,664-609-4815x1627,2004-01-08,B-,Male
459,sdv-pii-ht8t5,sdv-id-459,kathleen13@example.com,(769)552-2393,1965-04-13,B+,Male
460,sdv-pii-zrj6r,sdv-id-460,aaustin@example.com,896.682.3262x58699,1937-12-03,B+,Female
461,sdv-pii-wqa8q,sdv-id-461,lancerose@example.com,899.252.1715,2005-05-08,A+,Male
462,sdv-pii-3p52b,sdv-id-462,patriciajohnson@example.com,611.874.1056,2003-02-10,O+,Female
463,sdv-pii-z8zb0,sdv-id-463,thompsongeorge@example.net,348-279-7235,1969-08-29,B-,Male
464,sdv-pii-2u3bc,sdv-id-464,krystal53@example.com,524-296-5854x4286,1955-01-05,B+,Male
465,sdv-pii-r9djz,sdv-id-465,osborndeborah@example.com,(669)343-6315x39777,1973-02-26,A-,Female
466,sdv-pii-kuhu6,sdv-id-466,muellergeoffrey@example.net,(701)346-5202x286,1933-10-22,B+,Male
467,sdv-pii-ug1ht,sdv-id-467,santiagoamy@example.net,001-943-853-9111x3177,1980-12-27,B+,Female
468,sdv-pii-gsd0k,sdv-id-468,carolineclarke@example.org,385-387-3136x17751,1958-12-13,A-,Female
469,sdv-pii-ke9a4,sdv-id-469,drew37@example.org,+1-931-368-0091x20536,1949-07-23,B+,Female
470,sdv-pii-xcq26,sdv-id-470,hhopkins@example.net,508.957.1885x71134,1996-02-01,AB-,Male
471,sdv-pii-jp5p9,sdv-id-471,icruz@example.org,987.386.0988x2852,2003-08-20,O-,Female
472,sdv-pii-74f49,sdv-id-472,ocamacho@example.com,(525)265-9510x16964,2001-11-06,A+,Female
473,sdv-pii-bqzw0,sdv-id-473,robert20@example.net,001-556-259-9589,1933-10-28,A+,Male
474,sdv-pii-6c6zl,sdv-id-474,jennifer51@example.net,434.721.8979,1973-04-23,O-,Female
475,sdv-pii-j0zyh,sdv-id-475,davidmurphy@example.net,635.558.2247,1939-06-19,B-,Male
476,sdv-pii-xwlqn,sdv-id-476,wardjeremy@example.org,457-639-3680x164,1944-01-02,O-,Female
477,sdv-pii-lajkh,sdv-id-477,byrdmichelle@example.org,001-959-432-7595x30571,1956-06-09,AB+,Male
478,sdv-pii-04ln2,sdv-id-478,carlsonjasmine@example.org,(772)752-2199x706,1975-07-21,A+,Male
479,sdv-pii-e12qf,sdv-id-479,matthew04@example.org,554-533-1957x82094,1999-04-30,B-,Female
480,sdv-pii-7gycr,sdv-id-480,idominguez@example.net,372-530-1807,1995-08-02,AB+,Female
481,sdv-pii-xjuc9,sdv-id-481,emily32@example.com,+1-224-942-6545x2654,1939-06-06,O+,Female
482,sdv-pii-u4xug,sdv-id-482,erin01@example.org,+1-904-770-3301x15056,1999-05-09,B-,Female
483,sdv-pii-kdrre,sdv-id-483,gcarpenter@example.net,(655)815-9849x7539,1959-05-01,AB-,Male
484,sdv-pii-99kct,sdv-id-484,robinsonkatherine@example.org,286.468.0678x10804,1964-05-14,AB-,Female
485,sdv-pii-7e58i,sdv-id-485,rachael66@example.org,001-664-558-5224x4940,1978-11-03,B+,Female
486,sdv-pii-6zghf,sdv-id-486,paulanderson@example.com,514-354-2247x196,1960-01-09,A+,Female
487,sdv-pii-7j6un,sdv-id-487,donaldpineda@example.org,300.737.7112x362,1969-05-17,B+,Male
488,sdv-pii-f8fo3,sdv-id-488,kathryn54@example.com,+1-480-874-9672x9823,1948-04-09,A-,Male
489,sdv-pii-rkutk,sdv-id-489,william72@example.com,001-629-577-6469x63005,1971-08-01,O-,Male
490,sdv-pii-5f8e2,sdv-id-490,vmoss@example.net,394-620-3423x764,1973-06-20,AB+,Male
491,sdv-pii-uueo4,sdv-id-491,adam34@example.com,(449)529-0290,1947-10-03,B+,Male
492,sdv-pii-mbuwq,sdv-id-492,sbenson@example.org,(717)695-2768,1940-01-13,AB-,Male
493,sdv-pii-g2p4k,sdv-id-493,whitakerapril@example.com,2767061203,1990-08-25,O+,Female
494,sdv-pii-pap9l,sdv-id-494,jeanettewalker@example.org,5519275601,1967-02-21,B+,Female
495,sdv-pii-vrz2z,sdv-id-495,cookadam@example.net,317-404-8666x79727,1964-02-04,B-,Female
496,sdv-pii-erhuz,sdv-id-496,gbaker@example.org,001-786-625-2706,1967-12-05,O-,Female
497,sdv-pii-ggydy,sdv-id-497,brittany49@example.net,(943)343-2337,1956-11-29,AB+,Female
498,sdv-pii-o74dd,sdv-id-498,petersonrobert@example.com,(634)316-9194x0719,1992-10-09,A-,Male
499,sdv-pii-z6rx2,sdv-id-499,wadejose@example.net,981.218.5634,1946-02-05,B+,Female
500,sdv-pii-wiajm,sdv-id-500,rebeccazavala@example.org,7347213738,1942-03-19,O+,Male
501,sdv-pii-7tgma,sdv-id-501,haasdeborah@example.net,+1-411-707-6989x59557,1949-07-20,A+,Male
502,sdv-pii-64fdm,sdv-id-502,jeffreygarcia@example.net,926-230-5122,1934-05-13,B+,Male
503,sdv-pii-icr5f,sdv-id-503,gentryeric@example.com,+1-510-694-8117x920,1965-04-05,B+,Male
504,sdv-pii-ywkfp,sdv-id-504,gwright@example.org,(932)412-8457x182,1959-04-18,B+,Female
505,sdv-pii-ye3ey,sdv-id-505,wattsnathan@example.com,664-542-1698,1980-06-29,A+,Male
506,sdv-pii-rvv3w,sdv-id-506,tammy50@example.org,(270)343-2494,1944-02-23,AB-,Male
507,sdv-pii-4f7oy,sdv-id-507,susan75@example.net,+1-290-986-2947x6820,2002-11-13,A-,Male
508,sdv-pii-zhyvw,sdv-id-508,stevenwalton@example.org,708-846-3524x43939,1940-05-08,AB-,Male
509,sdv-pii-sttrb,sdv-id-509,idiaz@example.net,(963)917-3487,1971-07-02,AB+,Male
510,sdv-pii-7vklq,sdv-id-510,ujones@example.org,814-504-6851x9307,1985-09-23,O-,Female
511,sdv-pii-1wcmn,sdv-id-511,oscar12@example.net,(799)818-9666x73859,1948-11-29,AB+,Male
512,sdv-pii-24o2u,sdv-id-512,juan64@example.net,897-348-9715x204,1965-08-15,AB+,Male
513,sdv-pii-dyhnh,sdv-id-513,paula65@example.net,664-686-6856,1982-06-21,B-,Female
514,sdv-pii-lp0m6,sdv-id-514,klee@example.org,(435)668-8623x8629,1948-08-31,AB-,Female
515,sdv-pii-wensb,sdv-id-515,goodmanmatthew@example.com,001-331-756-7287x88119,1958-08-27,A+,Male
516,sdv-pii-hz8n9,sdv-id-516,morganzachary@example.com,9507608119,1980-04-01,B+,Male
517,sdv-pii-akooa,sdv-id-517,christopherespinoza@example.org,+1-261-364-8528x928,1992-02-24,AB-,Male
518,sdv-pii-9prss,sdv-id-518,susan97@example.com,803.610.5960,1994-07-18,O+,Male
519,sdv-pii-ynv3b,sdv-id-519,banksalexis@example.net,742.841.2685,1995-01-17,B+,Female
520,sdv-pii-989a9,sdv-id-520,myerstaylor@example.org,3906173039,1953-04-23,B+,Female
521,sdv-pii-hmhxl,sdv-id-521,johnsonlauren@example.org,(418)346-3404x868,1956-05-05,AB+,Female
522,sdv-pii-uanmf,sdv-id-522,lortiz@example.org,(634)609-8779x28373,1985-09-30,A-,Male
523,sdv-pii-qd50m,sdv-id-523,brianhenry@example.com,001-694-224-1058x961,1988-04-19,B-,Male
524,sdv-pii-hn5lw,sdv-id-524,michellebryant@example.net,239-488-2398x751,1988-02-09,O-,Male
525,sdv-pii-tawrp,sdv-id-525,parkermelissa@example.org,299.422.9918x68781,2003-08-29,B+,Female
526,sdv-pii-kdphg,sdv-id-526,durhammatthew@example.org,219-964-1713x118,1953-08-14,B-,Male
527,sdv-pii-us5ji,sdv-id-527,laura07@example.com,251-648-2908x7945,1991-04-16,AB+,Male
528,sdv-pii-p15yn,sdv-id-528,blankenshiprobert@example.org,600-311-4683,1941-08-01,O+,Male
529,sdv-pii-enlze,sdv-id-529,wilsonvictor@example.net,864-879-6494,1963-11-21,B+,Male
530,sdv-pii-h325u,sdv-id-530,christina06@example.net,+1-629-371-1478x01567,1936-11-28,AB-,Female
531,sdv-pii-lx4e6,sdv-id-531,jarnold@example.com,+1-529-418-4205x3347,1934-01-06,B+,Male
532,sdv-pii-qg5j1,sdv-id-532,simskimberly@example.org,(618)387-1456x608,1984-12-09,B+,Female
533,sdv-pii-wmtnw,sdv-id-533,harveyarthur@example.com,+1-610-668-9078x57370,1997-06-13,O+,Male
534,sdv-pii-93voi,sdv-id-534,shannon54@example.com,(930)617-8151,2000-12-22,AB-,Female
535,sdv-pii-snbdu,sdv-id-535,tiffany29@example.org,+1-411-599-0964,1945-03-16,B-,Female
536,sdv-pii-l3wh5,sdv-id-536,briggsjoanna@example.net,673-628-6849x592,1947-12-04,AB-,Male
537,sdv-pii-p8fi1,sdv-id-537,derek49@example.com,001-766-705-4713x173,1976-09-24,B+,Female
538,sdv-pii-wdg98,sdv-id-538,dkelly@example.net,(728)632-5666x6422,1958-08-05,O+,Female
539,sdv-pii-ixgo1,sdv-id-539,grace61@example.org,817.856.1293x82078,1964-10-21,A-,Male
540,sdv-pii-5zq41,sdv-id-540,patriciasaunders@example.com,799-482-0225x243,1955-02-22,AB+,Female
541,sdv-pii-bvafe,sdv-id-541,jackson72@example.com,822-471-1592x67477,1979-07-11,AB+,Male
542,sdv-pii-1vhzp,sdv-id-542,vdixon@example.org,487.598.2264x1039,2003-03-17,B+,Male
543,sdv-pii-3y8fm,sdv-id-543,njenkins@example.org,514.567.8946x244,1973-10-14,AB+,Female
544,sdv-pii-c6o62,sdv-id-544,nhoover@example.org,872.387.7691x106,1994-02-18,A-,Female
545,sdv-pii-dk9kt,sdv-id-545,mackmisty@example.net,+1-850-831-4674x73638,1956-07-19,A-,Male
546,sdv-pii-6yqfo,sdv-id-546,markpeck@example.net,307.785.2665,1980-05-06,AB+,Female
547,sdv-pii-ba5lf,sdv-id-547,jeremykline@example.net,861.369.3277,1985-08-01,O-,Female
548,sdv-pii-gq8ep,sdv-id-548,nancy83@example.com,914-590-5366,1953-03-07,A-,Female
549,sdv-pii-5k35g,sdv-id-549,dbarton@example.org,(951)507-3739,1984-01-11,B+,Male
550,sdv-pii-knoer,sdv-id-550,karen59@example.net,297-975-4824,1988-04-11,B+,Female
551,sdv-pii-5c8f1,sdv-id-551,richardamanda@example.net,(819)266-6082x73642,1950-04-28,A+,Male
552,sdv-pii-mved4,sdv-id-552,sarah32@example.net,943-290-4280x9285,1942-06-18,AB-,Female
553,sdv-pii-wxxn5,sdv-id-553,melissa80@example.com,236.527.3182x12572,1934-12-25,B-,Male
554,sdv-pii-bkp8t,sdv-id-554,robertsteele@example.org,(716)710-0195x2680,2005-04-26,AB+,Female
555,sdv-pii-nj154,sdv-id-555,jeremy38@example.com,881-253-4972,1993-08-18,O-,Female
556,sdv-pii-udz9t,sdv-id-556,steve38@example.org,001-569-920-8558,2005-04-08,B+,Female
557,sdv-pii-2bi4t,sdv-id-557,lindsayward@example.org,(895)230-7103x978,1971-03-11,O+,Female
558,sdv-pii-hhv7q,sdv-id-558,mooredawn@example.com,+1-878-398-1296x2781,1963-05-05,B+,Female
559,sdv-pii-aofrn,sdv-id-559,selenarodriguez@example.net,315.480.2954x45700,1967-11-16,O+,Female
560,sdv-pii-j0546,sdv-id-560,felicia16@example.org,(286)333-4288x34075,1957-02-16,A+,Male
561,sdv-pii-2qfl3,sdv-id-561,jensenrobert@example.org,001-690-453-0731x1746,2006-03-21,O-,Male
562,sdv-pii-e7ynn,sdv-id-562,megan85@example.net,760-296-8313,1976-02-12,O+,Male
563,sdv-pii-wxuf3,sdv-id-563,nathanjohnson@example.org,+1-503-718-6397x4625,1962-07-30,O+,Female
564,sdv-pii-51yjj,sdv-id-564,barbertara@example.com,778-362-9521,2006-01-18,A-,Female
565,sdv-pii-p0dzt,sdv-id-565,riveradanielle@example.com,001-615-870-7616,1952-12-26,O+,Female
566,sdv-pii-ktewy,sdv-id-566,nathansmith@example.org,001-481-450-1005x532,1941-05-31,O+,Male
567,sdv-pii-4fobq,sdv-id-567,carlosrojas@example.net,+1-332-804-8342x77762,1976-10-04,O-,Female
568,sdv-pii-2804x,sdv-id-568,anthonystone@example.org,6646628482,1962-05-10,A+,Male
569,sdv-pii-rtblt,sdv-id-569,ashley19@example.org,001-835-925-8540,2005-02-28,O-,Male
570,sdv-pii-0w0xy,sdv-id-570,greenbradley@example.com,001-945-869-8433x8043,1936-10-20,A+,Male
571,sdv-pii-p701n,sdv-id-571,briggsdavid@example.org,+1-633-295-5935x263,1945-09-05,A+,Female
572,sdv-pii-l6bg3,sdv-id-572,dhaley@example.net,(309)225-9879x74346,2000-03-11,A-,Female
573,sdv-pii-9j5at,sdv-id-573,bautistatasha@example.net,(973)758-0642x9929,2000-11-09,AB-,Male
574,sdv-pii-youn8,sdv-id-574,kelli29@example.net,001-839-637-7621x116,1950-06-17,AB+,Male
575,sdv-pii-sybv6,sdv-id-575,fischerdennis@example.com,274.423.4294x19033,1996-01-01,AB-,Male
576,sdv-pii-etnaj,sdv-id-576,brownamy@example.org,(382)845-3744,1951-02-06,B+,Female
577,sdv-pii-pd8vw,sdv-id-577,gregorysnyder@example.com,567-729-7617x11421,1943-12-11,O-,Male
578,sdv-pii-69fiw,sdv-id-578,steven68@example.net,+1-759-608-2033x29854,1945-05-16,AB+,Male
579,sdv-pii-dwju7,sdv-id-579,samantha06@example.com,+1-859-845-6961,1970-02-10,A-,Female
580,sdv-pii-jlzjk,sdv-id-580,dryan@example.com,(549)603-4078x500,1939-11-18,AB-,Female
581,sdv-pii-356dy,sdv-id-581,williammoore@example.com,815-812-4860,1986-11-22,B-,Female
582,sdv-pii-1bvhv,sdv-id-582,whiteashley@example.net,(580)966-8177x757,1942-01-14,AB-,Female
583,sdv-pii-di4fh,sdv-id-583,stevenharper@example.net,216-494-8705x78277,1977-08-14,B+,Male
584,sdv-pii-0dlr7,sdv-id-584,sarahsharp@example.org,8304400492,2005-01-02,B-,Male
585,sdv-pii-w1604,sdv-id-585,rebecca01@example.net,907-819-9651x93370,1990-07-21,B-,Male
586,sdv-pii-pkj5y,sdv-id-586,vspence@example.net,(595)989-1114x397,1955-08-07,O-,Male
587,sdv-pii-xycz0,sdv-id-587,sanchezmichael@example.com,533-591-0560x834,1946-10-16,O+,Male
588,sdv-pii-60fat,sdv-id-588,williamhenderson@example.com,(827)352-1420,1985-06-14,AB-,Male
589,sdv-pii-n97yi,sdv-id-589,lturner@example.com,001-827-452-4507x3078,1986-07-07,O-,Female
590,sdv-pii-wczg5,sdv-id-590,kelleyrobert@example.org,548.784.0876x727,1999-03-28,AB+,Male
591,sdv-pii-5r6do,sdv-id-591,nicholasglenn@example.net,(866)321-4327x55021,1977-11-30,AB+,Female
592,sdv-pii-qxyd3,sdv-id-592,hodgeslinda@example.net,956-421-2109x701,1943-01-30,A-,Male
593,sdv-pii-z2pkr,sdv-id-593,amandawagner@example.net,001-366-246-3637x89825,2003-06-10,B-,Male
594,sdv-pii-4usn7,sdv-id-594,vlopez@example.org,476-296-5608x7008,1972-10-02,A-,Female
595,sdv-pii-ilgvf,sdv-id-595,ushah@example.net,2267644902,1957-05-29,O+,Male
596,sdv-pii-sc5b7,sdv-id-596,obarnes@example.org,797-975-2330,1964-08-22,A-,Female
597,sdv-pii-fji85,sdv-id-597,kevintate@example.net,(755)958-3547x999,1988-02-27,AB-,Male
598,sdv-pii-9l13m,sdv-id-598,troy54@example.com,001-263-869-7154,1941-09-01,B+,Male
599,sdv-pii-7dco7,sdv-id-599,bsmith@example.org,2967426446,1992-01-22,B+,Female
600,sdv-pii-e6uto,sdv-id-600,aprilpugh@example.com,(746)265-1818,2002-04-23,B+,Female
601,sdv-pii-nq0q8,sdv-id-601,adamzimmerman@example.net,+1-445-585-2803,2004-05-25,A+,Male
602,sdv-pii-21naz,sdv-id-602,lbullock@example.com,608.624.1934,2004-12-21,B-,Female
603,sdv-pii-o118k,sdv-id-603,jacobscatherine@example.org,392-949-2370,1988-01-24,O+,Female
604,sdv-pii-219ag,sdv-id-604,idawson@example.com,+1-264-367-9002x0464,1981-08-27,O-,Female
605,sdv-pii-c0xer,sdv-id-605,sarah07@example.com,2465942257,1966-02-06,O-,Female
606,sdv-pii-s67l1,sdv-id-606,jacksonstephen@example.com,2163441532,1982-07-06,B+,Female
607,sdv-pii-ef3hh,sdv-id-607,fpalmer@example.com,781.324.2760,1992-12-13,A+,Female
608,sdv-pii-9im3y,sdv-id-608,ellen32@example.net,939.887.3203x849,1968-09-15,O-,Male
609,sdv-pii-p76v1,sdv-id-609,xbrooks@example.org,001-919-709-9773,1990-12-29,A-,Male
610,sdv-pii-qj7jq,sdv-id-610,austinjohnson@example.org,001-942-628-7958x858,1935-04-29,O+,Female
611,sdv-pii-78tug,sdv-id-611,zmartin@example.net,001-224-830-2930x7988,1987-09-03,B-,Male
612,sdv-pii-b06mi,sdv-id-612,sharon98@example.com,899.619.2981,1983-11-10,B+,Female
613,sdv-pii-jtz7c,sdv-id-613,jessica26@example.net,495.756.4802,1995-09-24,AB-,Male
614,sdv-pii-iz26y,sdv-id-614,kimberly05@example.net,(254)515-6347x2594,1946-11-14,A-,Male
615,sdv-pii-sff9w,sdv-id-615,gonzalezlinda@example.net,320.876.3293x8146,1982-12-22,O-,Female
616,sdv-pii-gd4jk,sdv-id-616,matthew48@example.org,+1-287-460-8984x448,1944-12-19,B+,Female
617,sdv-pii-e8acr,sdv-id-617,michael26@example.net,+1-205-968-5420x22682,1970-06-13,A+,Female
618,sdv-pii-ke54f,sdv-id-618,martinchristopher@example.net,360-437-3272x292,1982-12-23,O+,Female
619,sdv-pii-xn6z4,sdv-id-619,szamora@example.org,569.774.8523x197,1993-10-20,AB-,Female
620,sdv-pii-0sckp,sdv-id-620,amy76@example.org,(996)365-1713x6772,1973-08-17,AB+,Female
621,sdv-pii-mkh39,sdv-id-621,terrihess@example.net,772.767.2272x10713,1989-01-20,B-,Female
622,sdv-pii-yub9q,sdv-id-622,murillotonya@example.org,245.730.2732x2803,1983-01-05,A-,Male
623,sdv-pii-jye8a,sdv-id-623,mathewmacdonald@example.net,982.835.8650x140,1986-04-18,AB+,Male
624,sdv-pii-xs4me,sdv-id-624,danielle08@example.com,486.200.9021x77951,1972-05-07,B-,Female
625,sdv-pii-7cfof,sdv-id-625,scottjeffrey@example.org,4882150463,1977-06-10,O-,Male
626,sdv-pii-o1udp,sdv-id-626,jnelson@example.org,918-310-3415,1942-12-18,A-,Female
627,sdv-pii-obgpx,sdv-id-627,kristinathompson@example.org,(303)614-9471,1933-08-25,O-,Female
628,sdv-pii-a4jyz,sdv-id-628,ccollins@example.org,(477)903-4751x119,1996-07-13,A-,Female
629,sdv-pii-nqt60,sdv-id-629,emccann@example.net,001-492-717-3608,1989-08-13,B+,Male
630,sdv-pii-5d96i,sdv-id-630,parkeredwin@example.com,+1-821-447-6441x68582,1973-09-05,O+,Male
631,sdv-pii-2kjgf,sdv-id-631,robertdonovan@example.org,(934)721-7783x2107,1935-05-23,O-,Female
632,sdv-pii-i2o3i,sdv-id-632,christinecarter@example.com,729-485-2881,1982-09-05,A-,Female
633,sdv-pii-1qykm,sdv-id-633,cherylcook@example.com,001-726-857-9282x2037,1979-02-24,A+,Male
634,sdv-pii-ptypn,sdv-id-634,timothy25@example.org,674.925.8330,1966-09-15,O-,Female
635,sdv-pii-1b3fb,sdv-id-635,csilva@example.org,260.810.5050,1954-10-08,O+,Male
636,sdv-pii-7gf6c,sdv-id-636,turnerjustin@example.net,854.455.5419x395,1987-10-15,O-,Female
637,sdv-pii-o0uf5,sdv-id-637,samantha73@example.org,208.233.6107x09235,1945-11-15,B-,Female
638,sdv-pii-wcbw2,sdv-id-638,martinjamie@example.net,+1-983-646-6275x94682,1968-08-12,O-,Female
639,sdv-pii-tpdsa,sdv-id-639,garciasara@example.net,775-666-8157x941,1975-12-09,B+,Female
640,sdv-pii-dtxrk,sdv-id-640,popeanthony@example.org,607-996-8202x8922,1962-07-18,A+,Female
641,sdv-pii-q57ou,sdv-id-641,erica41@example.com,001-937-840-3977x87725,1943-11-19,AB-,Male
642,sdv-pii-s2gl5,sdv-id-642,duncansteven@example.com,+1-610-353-3018x38277,1993-12-08,A+,Female
643,sdv-pii-mt9y8,sdv-id-643,aparker@example.org,323.353.5734x066,1934-01-26,B+,Female
644,sdv-pii-e61xq,sdv-id-644,perryjames@example.net,+1-802-218-5287x68800,1967-04-11,AB+,Female
645,sdv-pii-17c7k,sdv-id-645,iburton@example.org,+1-476-773-2254x8582,1939-08-26,AB-,Female
646,sdv-pii-cknb2,sdv-id-646,mgreen@example.com,(922)739-2193x6671,1949-09-17,O-,Male
647,sdv-pii-lxay4,sdv-id-647,barbara73@example.com,969.328.0647,1973-02-25,A+,Female
648,sdv-pii-nkow3,sdv-id-648,blairbelinda@example.com,765.817.2429,1954-07-15,O+,Female
649,sdv-pii-eqjcm,sdv-id-649,brianromero@example.org,691-565-5350x82481,1971-08-08,A-,Female
650,sdv-pii-bgkp1,sdv-id-650,steven72@example.org,640-657-9498x026,1936-01-29,B-,Female
651,sdv-pii-6etzw,sdv-id-651,antonio10@example.org,001-862-415-4680x1748,1962-07-11,B+,Male
652,sdv-pii-trhw7,sdv-id-652,davidrichardson@example.org,927.798.2183,1995-04-06,AB-,Male
653,sdv-pii-wvdss,sdv-id-653,matthew14@example.org,3225191290,1973-12-29,AB-,Male
654,sdv-pii-xscrs,sdv-id-654,brennansamuel@example.com,+1-866-560-6924x61557,1968-09-04,AB+,Female
655,sdv-pii-8sv71,sdv-id-655,evansnancy@example.com,905-759-5246x8874,1967-06-22,AB+,Male
656,sdv-pii-n96jg,sdv-id-656,glenvargas@example.org,923-300-3044,1965-12-14,B+,Female
657,sdv-pii-njttd,sdv-id-657,fduran@example.com,244-274-9094,1994-11-08,O-,Female
658,sdv-pii-qhzah,sdv-id-658,twilson@example.org,+1-878-672-2721x3475,1972-05-17,O-,Male
659,sdv-pii-yjv5b,sdv-id-659,xshea@example.com,(254)679-2633x91747,1960-04-02,O-,Female
660,sdv-pii-tebje,sdv-id-660,hendersonlauren@example.com,+1-406-596-1494x053,1958-08-24,O+,Female
661,sdv-pii-yb9hg,sdv-id-661,patriciamitchell@example.net,523.677.5882x3438,1950-10-19,AB-,Female
662,sdv-pii-yvaxy,sdv-id-662,walexander@example.org,681.398.7229,1934-02-13,AB-,Female
663,sdv-pii-ygdyo,sdv-id-663,janemartin@example.com,225-908-1037x50789,1998-11-11,B+,Male
664,sdv-pii-ig0o9,sdv-id-664,phillipswilliam@example.net,3978673013,1995-06-30,A+,Female
665,sdv-pii-f3ouz,sdv-id-665,iclayton@example.net,001-810-637-6479x109,1996-03-13,AB+,Female
666,sdv-pii-wcrgm,sdv-id-666,larsonjamie@example.net,2104887216,1965-04-13,B-,Female
667,sdv-pii-i6g3s,sdv-id-667,frankbuck@example.net,337.309.5920,1959-01-14,AB-,Male
668,sdv-pii-vzsta,sdv-id-668,reidashley@example.com,001-827-742-4179x566,1983-05-03,O+,Female
669,sdv-pii-5ddzz,sdv-id-669,erica46@example.net,738-428-0272x6585,1970-11-24,A+,Male
670,sdv-pii-86yev,sdv-id-670,pamelacook@example.net,001-879-781-4782x954,1999-07-02,AB+,Female
671,sdv-pii-xy6wc,sdv-id-671,suarezkristen@example.com,+1-541-319-1956x818,1938-11-01,AB-,Male
672,sdv-pii-ev6yl,sdv-id-672,scottannette@example.net,5237683126,1989-02-05,A+,Female
673,sdv-pii-wm38o,sdv-id-673,erika22@example.org,001-649-600-5954x856,1973-09-03,AB-,Female
674,sdv-pii-afebp,sdv-id-674,orichards@example.org,001-912-202-0772x7673,1970-01-07,A-,Female
675,sdv-pii-qs8ch,sdv-id-675,bbenton@example.net,6376880028,1992-01-21,B+,Female
676,sdv-pii-i8bft,sdv-id-676,antonio86@example.com,001-415-951-4947,1937-06-12,A-,Female
677,sdv-pii-lwep5,sdv-id-677,tflores@example.org,4542216632,1986-01-26,AB-,Male
678,sdv-pii-8j8m4,sdv-id-678,michaelnguyen@example.com,981-580-9967,1999-09-07,B-,Female
679,sdv-pii-vq4c9,sdv-id-679,anthonynguyen@example.org,771-819-4641x7818,1973-10-08,B+,Female
680,sdv-pii-1moij,sdv-id-680,anthonyblake@example.com,825-532-7841,1976-06-22,B+,Male
681,sdv-pii-xhqhu,sdv-id-681,wayne00@example.org,001-640-659-2017,1944-08-21,O-,Male
682,sdv-pii-ek8sa,sdv-id-682,cheyennejohnson@example.com,+1-636-210-1258,1947-02-24,A+,Female
683,sdv-pii-1j81c,sdv-id-683,jlee@example.net,(849)675-2508x17770,1944-04-30,AB-,Female
684,sdv-pii-q6fai,sdv-id-684,apeters@example.org,(498)745-9342,1950-05-28,A+,Female
685,sdv-pii-3cj0n,sdv-id-685,kennedyterri@example.net,6339457144,1959-08-26,AB-,Female
686,sdv-pii-qvbs7,sdv-id-686,susan74@example.com,(747)447-4039,2004-06-28,O-,Female
687,sdv-pii-t7qgg,sdv-id-687,zjohnson@example.com,+1-913-842-5795x859,1948-01-26,B+,Male
688,sdv-pii-rs1t3,sdv-id-688,heathersnyder@example.org,992-534-1682x6051,1956-07-18,AB-,Female
689,sdv-pii-6apdl,sdv-id-689,amandawagner@example.net,+1-982-694-8371,1965-07-11,AB+,Male
690,sdv-pii-ng491,sdv-id-690,oconnelldanielle@example.net,465.209.8925x2374,2001-07-14,O+,Female
691,sdv-pii-3jr3o,sdv-id-691,wcrawford@example.org,345-567-0727x0324,1939-12-16,B-,Male
692,sdv-pii-u3ftj,sdv-id-692,gleach@example.net,370-252-9703x0791,1971-03-12,O-,Male
693,sdv-pii-kyd6o,sdv-id-693,dixonmadison@example.com,738.639.0019,1995-05-12,AB+,Female
694,sdv-pii-vini6,sdv-id-694,podom@example.org,(613)828-5653x1619,1958-10-02,A+,Female
695,sdv-pii-r0kmr,sdv-id-695,robertarnold@example.com,+1-715-334-3592,1936-09-01,AB+,Male
696,sdv-pii-2cnu0,sdv-id-696,jesusnorton@example.org,+1-533-253-5999x94022,1951-03-10,A-,Male
697,sdv-pii-dn6ud,sdv-id-697,catherine94@example.net,(476)213-5109x4588,1955-05-18,B+,Male
698,sdv-pii-nco0u,sdv-id-698,lorihall@example.org,(769)958-6866x3777,1949-02-03,AB+,Male
699,sdv-pii-y1msm,sdv-id-699,speters@example.net,402.912.1716x065,1952-08-28,O-,Male
700,sdv-pii-mhhdt,sdv-id-700,john38@example.org,463-832-8522,1958-10-31,B+,Male
701,sdv-pii-1jxie,sdv-id-701,zray@example.net,839.470.5629x124,1933-07-29,AB-,Male
702,sdv-pii-r4rg5,sdv-id-702,rachelschwartz@example.org,742.403.8371x310,2003-04-21,A+,Female
703,sdv-pii-tot7r,sdv-id-703,woodjohn@example.org,(356)643-2275x9952,1971-11-17,B+,Female
704,sdv-pii-wqedj,sdv-id-704,melissa78@example.org,955.680.8498,1986-09-08,AB+,Female
705,sdv-pii-3vk4e,sdv-id-705,ynichols@example.org,+1-335-752-8473x37411,2000-07-27,AB+,Male
706,sdv-pii-1k8ja,sdv-id-706,uterry@example.org,001-351-815-9037x79665,1999-06-17,A+,Male
707,sdv-pii-bo0d0,sdv-id-707,taylorrobin@example.org,434.908.2006x17444,1989-07-19,O+,Female
708,sdv-pii-emacq,sdv-id-708,michaelbarnes@example.org,(768)429-5969,1973-03-25,B+,Female
709,sdv-pii-slfbx,sdv-id-709,davidgomez@example.org,+1-261-345-5287,1976-04-29,B+,Female
710,sdv-pii-guxwj,sdv-id-710,ashley34@example.com,949-587-1735,1990-08-07,O+,Female
711,sdv-pii-r3apa,sdv-id-711,christinajones@example.net,(900)864-1911x6848,1953-05-10,B-,Female
712,sdv-pii-qgmzg,sdv-id-712,xgarcia@example.org,942-955-2489x573,1954-06-27,AB+,Male
713,sdv-pii-w71p5,sdv-id-713,barronalexander@example.org,+1-892-701-2603x26101,1975-01-26,A-,Male
714,sdv-pii-qookw,sdv-id-714,iclayton@example.net,4145377555,2003-08-16,A-,Female
715,sdv-pii-culst,sdv-id-715,wwillis@example.com,442-507-7381x84422,2001-04-05,O+,Female
716,sdv-pii-yxefs,sdv-id-716,jennifer71@example.org,680.384.1096x641,2003-02-16,A-,Female
717,sdv-pii-p6d4r,sdv-id-717,pauljordan@example.org,001-266-789-9684x919,1989-07-11,A-,Male
718,sdv-pii-n23y0,sdv-id-718,donnawalker@example.org,+1-901-862-3963,1961-08-26,B-,Male
719,sdv-pii-zx04t,sdv-id-719,camerongreen@example.net,+1-428-685-4670x0838,1961-11-17,B+,Female
720,sdv-pii-z53h5,sdv-id-720,sellis@example.com,(878)445-3547,1960-05-07,AB+,Male
721,sdv-pii-gkwkw,sdv-id-721,marshallchelsey@example.net,540-434-7779x81281,1939-02-14,O+,Male
722,sdv-pii-bpfu3,sdv-id-722,mendozajimmy@example.net,5737604730,1939-03-05,A+,Male
723,sdv-pii-x20sq,sdv-id-723,kimberly53@example.org,(756)894-5082,1990-09-17,O+,Female
724,sdv-pii-skd50,sdv-id-724,avilaheather@example.com,+1-381-347-2647x8587,1984-01-07,A-,Female
725,sdv-pii-90kp3,sdv-id-725,deannarussell@example.org,001-982-222-2321x54133,1982-03-07,B+,Female
726,sdv-pii-1rr4v,sdv-id-726,cjohnson@example.org,(386)945-7213x543,1981-09-05,O-,Female
727,sdv-pii-0ijpt,sdv-id-727,karakelly@example.org,498-451-6875x589,2005-01-22,B-,Male
728,sdv-pii-ez8wm,sdv-id-728,qkey@example.net,812.978.3747x622,1997-08-05,AB+,Male
729,sdv-pii-k7hff,sdv-id-729,bentleyanna@example.net,9999693841,1958-03-22,AB-,Male
730,sdv-pii-d8lfn,sdv-id-730,cwhite@example.org,2694841486,1971-11-06,A-,Female
731,sdv-pii-2loc7,sdv-id-731,xstevens@example.org,420.776.1202,1954-08-29,A-,Female
732,sdv-pii-x6zrt,sdv-id-732,lyonschristopher@example.com,331.689.6057,1971-04-02,B+,Male
733,sdv-pii-nwi1p,sdv-id-733,stacyfloyd@example.net,+1-579-364-8837,1937-10-14,AB+,Male
734,sdv-pii-612rc,sdv-id-734,dalegarcia@example.com,(339)270-1720x68037,1979-06-24,B+,Female
735,sdv-pii-ra3v7,sdv-id-735,rramos@example.org,+1-834-278-6972x957,1967-07-20,B-,Female
736,sdv-pii-nsx3z,sdv-id-736,marissa97@example.com,001-587-850-3122x3452,1940-11-14,B+,Male
737,sdv-pii-tx74v,sdv-id-737,paul41@example.org,001-251-931-8475,1987-06-07,O-,Female
738,sdv-pii-2tdzy,sdv-id-738,sandramoore@example.org,709.337.7201,1959-08-22,O+,Male
739,sdv-pii-zi6e1,sdv-id-739,georgeburch@example.net,+1-440-527-2520,1982-11-13,B-,Male
740,sdv-pii-ihb2e,sdv-id-740,kford@example.org,+1-918-893-4039x05381,2005-01-28,O+,Male
741,sdv-pii-2rvia,sdv-id-741,martinezsusan@example.com,001-486-634-9893x4688,1946-10-10,B+,Male
742,sdv-pii-ima7n,sdv-id-742,romerosandra@example.net,(427)217-0324,1987-03-05,O-,Male
743,sdv-pii-n1d6w,sdv-id-743,lindsayramirez@example.net,474-287-7673x06673,1951-05-24,B+,Female
744,sdv-pii-xisag,sdv-id-744,adamgillespie@example.com,(845)679-4728,2003-03-20,O-,Female
745,sdv-pii-19p95,sdv-id-745,connorschwartz@example.com,+1-553-871-0153x133,2002-12-24,B-,Male
746,sdv-pii-89bvc,sdv-id-746,tammy52@example.com,804.336.0179x9785,1960-10-15,O+,Male
747,sdv-pii-o59sm,sdv-id-747,olsonmark@example.com,930.950.6616x1776,1958-04-15,AB-,Female
748,sdv-pii-nhb70,sdv-id-748,jennifer53@example.net,7509938925,1938-06-12,AB+,Female
749,sdv-pii-zsgn8,sdv-id-749,victoriaortiz@example.net,8349520568,1971-10-04,AB+,Female
750,sdv-pii-zx5vo,sdv-id-750,jennifer43@example.org,603-738-4927x02689,1969-03-18,A+,Female
751,sdv-pii-ebgzn,sdv-id-751,anthony24@example.org,(518)648-2543,1946-12-11,A+,Male
752,sdv-pii-0sc8b,sdv-id-752,anthonydelgado@example.net,(284)869-7432x41818,1963-02-10,O-,Male
753,sdv-pii-c901a,sdv-id-753,timothy66@example.com,460.399.1397,1952-05-24,O+,Female
754,sdv-pii-w8ry7,sdv-id-754,maddennathan@example.net,+1-802-510-1722x47401,1965-06-28,O-,Female
755,sdv-pii-sybnd,sdv-id-755,ritaperez@example.com,(758)569-5744x168,1987-04-04,A+,Female
756,sdv-pii-cj17y,sdv-id-756,todd06@example.com,6349052745,2004-09-28,O+,Male
757,sdv-pii-axgon,sdv-id-757,robertmiller@example.net,+1-921-983-2967x853,1996-03-26,B-,Male
758,sdv-pii-wydai,sdv-id-758,milesjennifer@example.com,725.318.3333x8219,1976-12-21,O+,Male
759,sdv-pii-emya7,sdv-id-759,bnelson@example.com,779-952-6157x184,1955-08-08,B-,Male
760,sdv-pii-zab1r,sdv-id-760,jwilliams@example.com,558.418.5362,1934-11-03,AB-,Female
761,sdv-pii-g6c25,sdv-id-761,xwilliams@example.net,8682170387,1967-12-22,B-,Female
762,sdv-pii-bggcf,sdv-id-762,martinjennifer@example.com,3957670966,1957-06-25,B+,Male
763,sdv-pii-zfqxp,sdv-id-763,nicholaspineda@example.net,992.884.8268,1979-09-26,O+,Female
764,sdv-pii-gwul0,sdv-id-764,tina39@example.org,(401)700-4260x8976,2001-08-18,A+,Male
765,sdv-pii-6bmrb,sdv-id-765,ycline@example.com,816.393.4179,2000-01-13,A+,Male
766,sdv-pii-ckm2t,sdv-id-766,andreahoward@example.net,+1-558-505-2240x2193,1981-11-27,B-,Female
767,sdv-pii-bwhrg,sdv-id-767,mooresergio@example.org,442-881-1596,1973-09-27,O+,Male
768,sdv-pii-itw33,sdv-id-768,richardcrystal@example.com,(328)846-4872x65297,1982-05-31,AB-,Female
769,sdv-pii-wv1xj,sdv-id-769,jacobrandall@example.net,001-355-440-6322x9887,1941-07-04,AB+,Male
770,sdv-pii-pfzni,sdv-id-770,matthewhernandez@example.net,001-246-812-3745x0691,1990-02-18,A+,Male
771,sdv-pii-pcobe,sdv-id-771,amandavargas@example.net,+1-420-547-3626x6698,1978-11-26,AB-,Male
772,sdv-pii-7puke,sdv-id-772,tallen@example.org,(483)991-6949,2005-11-04,A+,Female
773,sdv-pii-a8kl2,sdv-id-773,deankent@example.com,962.282.8666x79591,1947-04-13,A-,Female
774,sdv-pii-k9ah7,sdv-id-774,porterdesiree@example.com,+1-774-279-5388x71614,1978-07-12,A-,Female
775,sdv-pii-4kn8b,sdv-id-775,veronicarivera@example.org,001-908-723-5797x357,1955-07-26,AB-,Male
776,sdv-pii-ko2vt,sdv-id-776,joshua06@example.com,001-335-880-7902x5385,1950-08-20,A+,Female
777,sdv-pii-ddgr6,sdv-id-777,gibbsnatalie@example.org,(757)482-7543x789,1947-09-10,B-,Female
778,sdv-pii-eal7r,sdv-id-778,hubbardpatricia@example.org,274-544-9050x969,1951-08-17,O+,Female
779,sdv-pii-q6z2b,sdv-id-779,wnguyen@example.com,+1-611-853-6368x86097,2001-09-18,B-,Female
780,sdv-pii-7w2qb,sdv-id-780,sheila31@example.com,(619)547-7773x3479,1975-09-13,B-,Female
781,sdv-pii-486cp,sdv-id-781,hmeadows@example.com,+1-433-382-5612x38804,1975-02-13,AB-,Male
782,sdv-pii-pefgf,sdv-id-782,james59@example.net,+1-785-387-6068,1938-04-04,AB-,Female
783,sdv-pii-q8fej,sdv-id-783,angelicaholmes@example.net,206-731-0867x820,1997-11-11,A+,Female
784,sdv-pii-zxyl6,sdv-id-784,johnabbott@example.org,846-556-5916,1978-10-25,O-,Female
785,sdv-pii-bvwh7,sdv-id-785,crystalsanders@example.net,457.717.6357,1999-05-18,AB-,Male
786,sdv-pii-wn4k9,sdv-id-786,jacobjohnson@example.net,(461)942-0996x27938,1988-07-13,A-,Female
787,sdv-pii-2n5i1,sdv-id-787,erik34@example.org,724-546-4647x65390,1995-12-13,AB+,Female
788,sdv-pii-oti9k,sdv-id-788,zhuffman@example.com,361-420-6612,1944-04-17,AB+,Female
789,sdv-pii-eq2k1,sdv-id-789,gonzalezsharon@example.org,(528)465-0654x469,1944-11-02,AB-,Female
790,sdv-pii-ifvz0,sdv-id-790,gregory59@example.com,389-390-9603x72726,1981-06-19,B+,Male
791,sdv-pii-c2jhb,sdv-id-791,friedmanralph@example.com,348-575-3084,1981-05-04,O-,Male
792,sdv-pii-dsf43,sdv-id-792,eileensmith@example.com,(991)545-2361,1996-03-13,O+,Male
793,sdv-pii-2srev,sdv-id-793,bradleydavid@example.com,001-545-244-2404x9347,1958-03-22,A+,Male
794,sdv-pii-10l3h,sdv-id-794,kevinwilliams@example.net,908.290.8031,1989-10-26,O+,Female
795,sdv-pii-txaak,sdv-id-795,gmoore@example.net,(883)328-7528x71438,1973-08-17,AB+,Female
796,sdv-pii-d5s48,sdv-id-796,hollywoodard@example.org,(994)917-6456x570,1980-10-24,B-,Female
797,sdv-pii-i2omz,sdv-id-797,matthew58@example.com,378-496-3212x3497,1974-12-29,B-,Male
798,sdv-pii-h53wp,sdv-id-798,leegerald@example.org,+1-320-398-2521,1995-10-20,B+,Female
799,sdv-pii-rrqt5,sdv-id-799,josehuffman@example.net,748.367.3752x017,1980-05-06,A+,Male
800,sdv-pii-ke6d6,sdv-id-800,fergusonkaren@example.net,9667943947,1941-02-09,O-,Male
801,sdv-pii-pcz63,sdv-id-801,richard28@example.org,319.653.1252,1971-07-31,B-,Male
802,sdv-pii-jyb3b,sdv-id-802,jennifersmith@example.com,(604)421-0752x868,1961-01-18,O-,Male
803,sdv-pii-bbrll,sdv-id-803,laura70@example.net,+1-498-262-9931x47747,1950-06-30,A-,Female
804,sdv-pii-yuyzy,sdv-id-804,rebekahhicks@example.net,(325)308-7389,1963-05-08,AB-,Male
805,sdv-pii-bxyh1,sdv-id-805,sherry46@example.net,001-927-810-4449,2000-07-07,AB-,Male
806,sdv-pii-4mrh9,sdv-id-806,rhorne@example.com,001-948-372-9445x7635,1990-11-12,B+,Female
807,sdv-pii-5hb4h,sdv-id-807,taylormatthew@example.org,4115241175,1973-04-28,A+,Female
808,sdv-pii-luexj,sdv-id-808,jeffrey59@example.net,283-467-1547,1988-06-03,AB-,Female
809,sdv-pii-s4gec,sdv-id-809,jennasingh@example.org,001-207-885-2050x5097,1992-06-16,A-,Male
810,sdv-pii-f8v5o,sdv-id-810,thomasyolanda@example.com,2066365186,2000-05-29,O+,Male
811,sdv-pii-m6ryi,sdv-id-811,brandon54@example.net,(538)500-8128x889,1952-05-14,AB-,Female
812,sdv-pii-n5vjb,sdv-id-812,kellychristine@example.net,001-669-329-8352,1975-05-31,O-,Male
813,sdv-pii-5ntdi,sdv-id-813,tgriffin@example.net,+1-731-487-4315x1629,1985-02-20,A+,Male
814,sdv-pii-qp9l6,sdv-id-814,mfreeman@example.org,470.732.2472x288,1945-12-02,B+,Male
815,sdv-pii-0a7e4,sdv-id-815,dean56@example.com,001-864-255-4017x0422,1995-03-25,B-,Female
816,sdv-pii-e51rd,sdv-id-816,brianjackson@example.com,299-820-4935,1979-04-26,O+,Male
817,sdv-pii-h3hpd,sdv-id-817,joshua32@example.net,(605)603-5032x416,1953-06-16,O+,Male
818,sdv-pii-8wbph,sdv-id-818,leemelinda@example.com,(560)305-2508x4140,1982-06-25,A-,Male
819,sdv-pii-87mt1,sdv-id-819,melissagrimes@example.org,001-725-303-4842,1972-05-09,O+,Female
820,sdv-pii-jpw64,sdv-id-820,bwhite@example.net,+1-474-964-2178x36407,1945-02-17,A+,Female
821,sdv-pii-vdis0,sdv-id-821,psnyder@example.com,(306)279-5290x05261,1998-04-24,B-,Female
822,sdv-pii-0tgav,sdv-id-822,jennifer17@example.org,001-987-539-7226x8787,1975-06-08,A+,Female
823,sdv-pii-vf42i,sdv-id-823,jenniferlivingston@example.net,277.253.6293x0891,2003-03-27,O-,Female
824,sdv-pii-v648k,sdv-id-824,varmstrong@example.com,959.613.3838x228,1986-08-12,O-,Male
825,sdv-pii-a9bgc,sdv-id-825,porterbrenda@example.com,001-952-378-7428,1963-12-11,B-,Male
826,sdv-pii-o4x6k,sdv-id-826,rmyers@example.net,(780)362-7298,1959-07-04,A+,Female
827,sdv-pii-u1shp,sdv-id-827,kristinmartin@example.org,+1-514-945-0911x4207,1950-03-18,A-,Female
828,sdv-pii-4h1c5,sdv-id-828,brandy00@example.com,519-505-3290x5512,1938-02-13,B+,Male
829,sdv-pii-bmg0w,sdv-id-829,angela78@example.org,(564)253-6887x1322,1943-03-13,AB-,Female
830,sdv-pii-w10ci,sdv-id-830,akim@example.net,331-866-5295x119,1951-01-12,AB-,Female
831,sdv-pii-9geny,sdv-id-831,matthewpotter@example.net,300-461-0110x79610,1951-11-30,A-,Female
832,sdv-pii-rihhk,sdv-id-832,jonathan35@example.org,602-533-0864,1988-02-20,B+,Female
833,sdv-pii-pm5mt,sdv-id-833,nicholsjessica@example.net,894.419.0819x670,1987-04-29,A-,Male
834,sdv-pii-6iq1h,sdv-id-834,catherinewade@example.org,+1-435-778-3899x3361,1962-10-20,O-,Male
835,sdv-pii-owya4,sdv-id-835,kristinrogers@example.net,319-752-9050,1937-02-12,O-,Female
836,sdv-pii-y2ixh,sdv-id-836,ericgomez@example.org,938-695-3666,1948-01-04,AB-,Female
837,sdv-pii-umyd1,sdv-id-837,terryscott@example.com,496.218.8162x059,1997-02-28,AB+,Female
838,sdv-pii-einbr,sdv-id-838,frederickmorgan@example.com,(801)307-6800x9619,1962-11-11,O+,Male
839,sdv-pii-psxfi,sdv-id-839,perezkeith@example.com,976-755-7538x896,1983-08-16,B-,Male
840,sdv-pii-vhx37,sdv-id-840,sotokelly@example.net,001-276-308-7094x7568,1972-11-17,O-,Male
841,sdv-pii-3gh7y,sdv-id-841,susanturner@example.org,534.635.4504x92900,1968-11-10,AB+,Male
842,sdv-pii-ylb2a,sdv-id-842,mscott@example.com,+1-738-801-9615x20823,1973-06-30,O-,Male
843,sdv-pii-2va2w,sdv-id-843,hermanian@example.net,5056040092,1961-12-06,A+,Female
844,sdv-pii-1hy08,sdv-id-844,smurray@example.net,+1-798-682-0678x48744,2000-03-20,AB-,Male
845,sdv-pii-2iyob,sdv-id-845,richardgarcia@example.net,7733799153,1941-09-12,O+,Female
846,sdv-pii-b9vrk,sdv-id-846,jwilliams@example.net,001-483-734-8334x218,1946-08-17,AB-,Female
847,sdv-pii-gb6h3,sdv-id-847,jeffreymeadows@example.net,237.644.3611x76474,1987-04-02,A-,Male
848,sdv-pii-5nz6u,sdv-id-848,elizabethherman@example.org,001-700-785-4498,1971-03-07,AB-,Male
849,sdv-pii-edn62,sdv-id-849,patriciabecker@example.org,228-865-8505x9333,1997-03-06,A-,Female
850,sdv-pii-65iz8,sdv-id-850,deborahcross@example.com,272.592.7529x86922,1982-08-01,O+,Male
851,sdv-pii-71e4x,sdv-id-851,colecharles@example.org,(311)806-0329x5121,1950-10-29,A-,Female
852,sdv-pii-1nyth,sdv-id-852,garrisonsarah@example.org,301.961.4822x5229,1986-01-17,AB+,Male
853,sdv-pii-l7egt,sdv-id-853,ritaschneider@example.com,484.867.7185x21477,1985-08-31,O+,Female
854,sdv-pii-hlek9,sdv-id-854,jacobjones@example.org,870-527-3584x359,2005-05-29,A+,Female
855,sdv-pii-ouhgj,sdv-id-855,jeffreyklein@example.com,735-241-9810,1959-11-22,O-,Male
856,sdv-pii-73c66,sdv-id-856,nathanjohnson@example.net,8069079744,1978-04-24,B-,Female
857,sdv-pii-wt94y,sdv-id-857,stephaniemckee@example.org,383.589.1384x238,1978-03-08,AB+,Male
858,sdv-pii-aqgwr,sdv-id-858,jenkinsjames@example.org,550.954.0395x73778,1986-06-02,B+,Male
859,sdv-pii-l6c83,sdv-id-859,elizabethkemp@example.com,2844818829,2005-04-20,AB+,Male
860,sdv-pii-ozhva,sdv-id-860,smorgan@example.org,001-742-274-4038,1962-01-14,AB-,Female
861,sdv-pii-32j68,sdv-id-861,mendozaleon@example.org,497-665-3028x0748,1974-04-21,A+,Female
862,sdv-pii-5aerx,sdv-id-862,djohnson@example.net,(226)572-8721x13939,1958-07-30,O-,Female
863,sdv-pii-6t8q0,sdv-id-863,oconnelllindsay@example.com,(927)202-7791,1974-03-07,O-,Female
864,sdv-pii-fcwy3,sdv-id-864,rebekah85@example.net,(699)838-6289,1979-12-31,AB+,Male
865,sdv-pii-ycbv1,sdv-id-865,igross@example.com,(915)257-2815,1978-02-24,B+,Female
866,sdv-pii-icxat,sdv-id-866,cdelgado@example.net,957-529-3567,1992-09-03,B-,Female
867,sdv-pii-f0wfm,sdv-id-867,joseharris@example.com,232.765.8320,1940-01-31,AB+,Male
868,sdv-pii-nbrpz,sdv-id-868,katherine16@example.org,5437591448,1936-04-23,A-,Female
869,sdv-pii-9mnio,sdv-id-869,lisa16@example.com,939-428-3212,1935-04-02,AB+,Male
870,sdv-pii-h3igj,sdv-id-870,bradleymiles@example.net,230.691.2770x53779,1993-12-10,A+,Female
871,sdv-pii-0rq52,sdv-id-871,bishopkristin@example.net,(500)256-1424,1948-12-11,AB+,Male
872,sdv-pii-nlfd3,sdv-id-872,vweber@example.com,+1-768-454-0117x078,1949-11-04,B+,Male
873,sdv-pii-l5cxf,sdv-id-873,jbrooks@example.net,556-865-2774x192,1975-04-07,O+,Female
874,sdv-pii-g9kvs,sdv-id-874,martincourtney@example.com,339.707.0010,1962-04-03,B+,Female
875,sdv-pii-i6agd,sdv-id-875,valenzuelaclaudia@example.org,(305)844-5380x5539,1995-10-04,O-,Female
876,sdv-pii-u7f5k,sdv-id-876,kelleyanthony@example.org,490-677-8978x926,1968-04-19,O+,Female
877,sdv-pii-phyc4,sdv-id-877,ucooper@example.org,001-630-463-6375x39560,1952-07-05,A-,Female
878,sdv-pii-jxzf3,sdv-id-878,williamsadam@example.com,001-389-472-5599,1940-12-06,B-,Male
879,sdv-pii-1bfze,sdv-id-879,fullercarol@example.org,442-240-6278,1967-11-05,AB-,Male
880,sdv-pii-fqb4f,sdv-id-880,nancywilliams@example.net,355-309-4917,1946-07-12,A-,Male
881,sdv-pii-siz5i,sdv-id-881,qwilson@example.com,849.896.0176x308,2000-05-28,B-,Male
882,sdv-pii-6gxdu,sdv-id-882,pwright@example.net,(709)803-0595x3137,1941-04-25,AB+,Male
883,sdv-pii-3db6q,sdv-id-883,beverlyjones@example.net,9078949454,1992-06-14,O-,Male
884,sdv-pii-36iwp,sdv-id-884,andersonhannah@example.com,784.839.1288x56286,1961-01-17,B+,Male
885,sdv-pii-rhzey,sdv-id-885,georgecalhoun@example.com,411.943.3487x4770,1980-09-18,A+,Male
886,sdv-pii-421df,sdv-id-886,ericramos@example.com,(470)627-4658x329,1991-08-27,B-,Male
887,sdv-pii-65tip,sdv-id-887,emily25@example.org,+1-227-781-4428x7111,1980-03-05,B-,Male
888,sdv-pii-jml1s,sdv-id-888,tclark@example.org,(327)749-4820x40697,1971-11-13,O-,Male
889,sdv-pii-ffz8p,sdv-id-889,lcantu@example.com,998.389.5086,1961-06-09,B-,Female
890,sdv-pii-qzk2f,sdv-id-890,samanthagarrison@example.org,+1-725-774-3705,1976-02-02,A-,Female
891,sdv-pii-smk3r,sdv-id-891,campbelltony@example.net,+1-334-596-8763,1944-01-09,AB+,Male
892,sdv-pii-nxgjh,sdv-id-892,chelsea25@example.org,001-460-308-3838x7505,1970-01-28,B+,Male
893,sdv-pii-guw6w,sdv-id-893,ihaynes@example.net,(544)503-5359,1958-08-15,AB-,Male
894,sdv-pii-x19bm,sdv-id-894,jameshester@example.com,+1-562-233-5907x92785,1968-09-23,A+,Female
895,sdv-pii-ourqs,sdv-id-895,swansonmichelle@example.org,(636)353-9816,1957-02-27,A+,Female
896,sdv-pii-dghvi,sdv-id-896,therrera@example.net,(680)710-2725x020,1950-11-21,O+,Female
897,sdv-pii-zhzow,sdv-id-897,nguerrero@example.org,+1-684-799-4210x029,1973-12-22,B-,Male
898,sdv-pii-8ovzh,sdv-id-898,fsnyder@example.net,437.397.6092,1957-07-13,AB-,Female
899,sdv-pii-tgxlr,sdv-id-899,jessedavis@example.com,+1-709-838-4138x21782,1953-07-28,AB+,Female
900,sdv-pii-1mibh,sdv-id-900,wkelley@example.com,812.247.3692x12556,1980-03-25,AB+,Male
901,sdv-pii-70a8v,sdv-id-901,davisamy@example.com,(217)323-7201x72123,1982-11-16,AB+,Male
902,sdv-pii-uinyr,sdv-id-902,george79@example.com,393.967.6993,2003-06-26,AB+,Male
903,sdv-pii-lddql,sdv-id-903,frankgonzalez@example.org,295.318.5359,1954-05-25,AB-,Female
904,sdv-pii-6w0cp,sdv-id-904,jeffreywilliams@example.org,+1-437-232-7756x1879,1977-04-28,AB+,Male
905,sdv-pii-osai1,sdv-id-905,mollypaul@example.com,742-929-7846x1675,1940-10-30,AB+,Male
906,sdv-pii-eem9z,sdv-id-906,matthew09@example.org,232.514.9741,1987-12-11,A+,Female
907,sdv-pii-c0d6t,sdv-id-907,mchang@example.com,634-837-2537,1934-11-17,A+,Male
908,sdv-pii-gx6sa,sdv-id-908,keith13@example.net,221.422.2701,1962-08-13,B+,Male
909,sdv-pii-c6487,sdv-id-909,rpeterson@example.net,(445)764-4289,1976-12-24,AB-,Female
910,sdv-pii-wtbna,sdv-id-910,barbara49@example.com,(866)754-8360x707,1934-11-26,O-,Male
911,sdv-pii-ptar8,sdv-id-911,dbrown@example.org,001-646-978-3222x438,1955-07-15,B+,Female
912,sdv-pii-3oeh1,sdv-id-912,nathanthompson@example.org,+1-319-925-8508x6432,1937-12-08,AB-,Female
913,sdv-pii-a7n2i,sdv-id-913,djohnson@example.com,5549757000,1965-01-04,AB-,Male
914,sdv-pii-ncwfk,sdv-id-914,tracywilliams@example.net,001-419-964-5295x995,2002-02-27,A+,Female
915,sdv-pii-g1rtu,sdv-id-915,williamsandrew@example.com,(392)360-9605,1961-12-04,AB+,Male
916,sdv-pii-tue7b,sdv-id-916,wramirez@example.com,956.262.2867,1985-12-28,A+,Male
917,sdv-pii-wq9wd,sdv-id-917,mlewis@example.net,+1-634-918-0200x79752,1939-02-26,A+,Male
918,sdv-pii-cxhpd,sdv-id-918,sharris@example.net,+1-745-793-4557x61478,2004-03-01,B+,Male
919,sdv-pii-g1i5x,sdv-id-919,sarah73@example.com,875.591.7397x05188,1999-09-23,A-,Female
920,sdv-pii-xt0eq,sdv-id-920,bbullock@example.com,001-765-547-1698x759,1956-08-06,A+,Female
921,sdv-pii-kb03w,sdv-id-921,jeffreyholmes@example.net,6462452543,1984-07-30,B-,Female
922,sdv-pii-687ll,sdv-id-922,colekathryn@example.org,(491)357-6135x6471,1967-05-09,A+,Female
923,sdv-pii-hbo4d,sdv-id-923,tammywagner@example.net,900-760-5100x549,1944-01-07,AB+,Female
924,sdv-pii-8xw9u,sdv-id-924,robertstheresa@example.net,935-970-2991x22129,1954-11-24,O+,Male
925,sdv-pii-5bvf1,sdv-id-925,mackmelissa@example.net,(353)436-6267x72401,1945-11-28,O+,Female
926,sdv-pii-zo52f,sdv-id-926,james55@example.net,639.993.7276x80641,1966-05-18,AB+,Male
927,sdv-pii-0jgbe,sdv-id-927,akidd@example.org,436.698.0786x016,1948-06-02,B+,Male
928,sdv-pii-uzebk,sdv-id-928,kimberlywilson@example.com,(629)720-3728,1966-01-22,AB-,Male
929,sdv-pii-p4y7s,sdv-id-929,logangibbs@example.org,300.853.8456x9185,1957-06-09,AB-,Female
930,sdv-pii-0abz2,sdv-id-930,cbrewer@example.com,575.319.6530x710,1996-12-21,B-,Male
931,sdv-pii-3uydz,sdv-id-931,jamessimmons@example.com,001-294-722-1042x08207,1964-04-20,B+,Male
932,sdv-pii-hl6az,sdv-id-932,smendez@example.org,001-881-807-5470,1998-03-29,A+,Female
933,sdv-pii-6v02z,sdv-id-933,cookkristie@example.com,427.372.3624x06917,1984-11-02,O-,Female
934,sdv-pii-wtlcz,sdv-id-934,vbarber@example.com,(813)873-4892x846,1994-01-03,O-,Female
935,sdv-pii-wlq96,sdv-id-935,vferguson@example.net,+1-576-622-5353,1987-08-24,B+,Female
936,sdv-pii-1ew7v,sdv-id-936,zsmith@example.net,270.955.1305x0978,1987-07-28,B-,Male
937,sdv-pii-4j82h,sdv-id-937,carolynbanks@example.com,+1-651-813-9593x1897,1987-08-06,AB-,Male
938,sdv-pii-438md,sdv-id-938,wagnerheidi@example.net,+1-837-785-1716x27650,2005-11-30,B-,Male
939,sdv-pii-rm2f6,sdv-id-939,tharrison@example.org,+1-586-205-1945x196,1938-06-10,AB+,Male
940,sdv-pii-71zpu,sdv-id-940,adam26@example.net,434.351.3650x56364,2001-02-03,O+,Female
941,sdv-pii-w6tuh,sdv-id-941,craig99@example.org,(492)532-2393x687,1953-05-31,B+,Male
942,sdv-pii-4y13p,sdv-id-942,nicole95@example.net,212-938-4765,1960-02-15,AB+,Female
943,sdv-pii-is21v,sdv-id-943,robert97@example.org,+1-293-499-4456x33632,1984-03-31,B+,Male
944,sdv-pii-dkq5r,sdv-id-944,pwilliams@example.com,(581)526-6863x80132,1992-02-21,AB-,Male
945,sdv-pii-scywk,sdv-id-945,amy49@example.com,(242)819-1551,2001-04-02,AB+,Male
946,sdv-pii-ixsl3,sdv-id-946,julianhicks@example.net,4219651101,1949-09-16,AB-,Male
947,sdv-pii-t6ruk,sdv-id-947,david49@example.net,779.553.3617,1971-07-06,A-,Female
948,sdv-pii-6f7pu,sdv-id-948,wilsonvalerie@example.com,001-888-978-6773,1976-04-14,B-,Female
949,sdv-pii-bo8qn,sdv-id-949,jacobmeyer@example.com,707.892.2321,2002-06-03,B-,Male
950,sdv-pii-uqiv9,sdv-id-950,chelsea06@example.org,+1-574-632-5639x997,1959-12-03,AB-,Male
951,sdv-pii-g5csc,sdv-id-951,campbellcheryl@example.net,001-689-891-8691x6320,1993-06-23,O+,Male
952,sdv-pii-uepfb,sdv-id-952,deanross@example.com,348.680.5632x9132,1987-08-14,A+,Female
953,sdv-pii-pvhm6,sdv-id-953,mitchellmayer@example.com,267.902.5634x49803,1968-07-06,A+,Female
954,sdv-pii-0doqh,sdv-id-954,zwallace@example.org,(726)364-3305x5171,1934-11-10,O+,Male
955,sdv-pii-lub0u,sdv-id-955,cwells@example.net,+1-205-846-0838x108,1940-12-30,AB-,Male
956,sdv-pii-e0pcq,sdv-id-956,mvelasquez@example.net,+1-258-208-3544x1234,1993-03-01,A+,Male
957,sdv-pii-xryns,sdv-id-957,yvette73@example.org,001-733-616-8720x777,1959-11-22,AB-,Female
958,sdv-pii-u2uza,sdv-id-958,daisy97@example.org,+1-629-552-7938,1984-06-03,A+,Female
959,sdv-pii-o3y7s,sdv-id-959,imiller@example.com,+1-339-516-6120x7558,1985-04-13,B-,Male
960,sdv-pii-jue56,sdv-id-960,stephanieford@example.net,+1-832-343-2378x505,1947-04-21,AB-,Female
961,sdv-pii-d4yz3,sdv-id-961,raguilar@example.org,+1-766-289-3706x9740,1938-11-30,A+,Male
962,sdv-pii-4t439,sdv-id-962,jerry93@example.net,(697)665-6884,1967-08-29,O-,Male
963,sdv-pii-8k72t,sdv-id-963,bdonovan@example.org,357.534.9694x74239,2005-08-30,A-,Male
964,sdv-pii-1ezpx,sdv-id-964,ystewart@example.org,(409)317-3493x12411,1994-03-08,AB-,Male
965,sdv-pii-8iw1c,sdv-id-965,ddelgado@example.com,+1-214-561-9694,1953-12-02,A+,Female
966,sdv-pii-m0moh,sdv-id-966,catherine18@example.org,001-210-855-0916,1995-11-10,B+,Female
967,sdv-pii-nqc1q,sdv-id-967,hclark@example.org,001-904-343-1105x78017,1953-10-15,B+,Female
968,sdv-pii-wlsr4,sdv-id-968,vrichardson@example.org,(293)772-1916x36371,1933-08-14,O-,Female
969,sdv-pii-tcy5p,sdv-id-969,keith92@example.com,+1-685-777-2539,1967-03-15,A-,Female
970,sdv-pii-jnh6p,sdv-id-970,susanwade@example.net,918.882.8685,2000-12-11,AB+,Male
971,sdv-pii-acacl,sdv-id-971,anichols@example.net,(603)256-6740x639,1971-02-20,A-,Female
972,sdv-pii-l27ax,sdv-id-972,alexander90@example.com,879-807-8252,1952-04-12,O-,Male
973,sdv-pii-9iq4t,sdv-id-973,williamsroberto@example.org,001-757-471-7942x182,1974-07-20,B-,Male
974,sdv-pii-yvlp0,sdv-id-974,harrisonstephanie@example.net,259.242.9765,1976-08-25,B-,Female
975,sdv-pii-gpeqc,sdv-id-975,robert99@example.net,6459990916,1955-02-26,O+,Female
976,sdv-pii-4iofe,sdv-id-976,manncynthia@example.net,223-829-8522,2006-02-02,B+,Male
977,sdv-pii-scnsg,sdv-id-977,tamara97@example.org,(228)429-2407x821,1934-10-14,O+,Male
978,sdv-pii-oi0li,sdv-id-978,jason75@example.org,902-765-0051,1968-02-09,AB-,Male
979,sdv-pii-bnybp,sdv-id-979,destinypham@example.com,889-606-6407x686,1961-07-13,B-,Male
980,sdv-pii-jij3a,sdv-id-980,amy32@example.com,(894)313-8773,1989-11-28,AB-,Female
981,sdv-pii-ji4sl,sdv-id-981,rlawrence@example.com,8494460522,1947-10-27,O+,Female
982,sdv-pii-znb2f,sdv-id-982,reginacole@example.com,(998)927-6683,1989-02-11,AB+,Female
983,sdv-pii-8dvwt,sdv-id-983,murrayjulie@example.org,(416)572-3071x9115,1996-04-17,B-,Female
984,sdv-pii-ylrzq,sdv-id-984,lisaanderson@example.org,+1-727-294-2108,1998-07-30,A-,Female
985,sdv-pii-ltmov,sdv-id-985,meadowsmorgan@example.com,+1-968-808-8271x65549,1951-08-05,B+,Male
986,sdv-pii-4lv6c,sdv-id-986,fuentesalicia@example.org,710.898.3284,1959-02-18,O-,Female
987,sdv-pii-o04zv,sdv-id-987,powens@example.com,8135588586,1944-07-25,AB-,Female
988,sdv-pii-12f1v,sdv-id-988,martinezmegan@example.com,001-876-550-6887x69563,1972-05-15,B-,Male
989,sdv-pii-pqsr2,sdv-id-989,kristinasharp@example.net,271.480.0288x03085,1984-07-20,AB-,Male
990,sdv-pii-u5ts4,sdv-id-990,jward@example.net,2536727801,1976-06-21,B-,Female
991,sdv-pii-ckb53,sdv-id-991,cindywade@example.net,677-655-3143,1980-01-01,O-,Male
992,sdv-pii-i84nr,sdv-id-992,sreed@example.org,687.707.2384,1971-09-06,B-,Male
993,sdv-pii-531ub,sdv-id-993,courtney24@example.com,363.912.1892,1948-10-14,AB+,Female
994,sdv-pii-54mkx,sdv-id-994,cameronhorne@example.com,306-732-3001x37074,1999-11-25,O-,Male
995,sdv-pii-5236r,sdv-id-995,wgentry@example.net,+1-831-787-7972x17281,1963-09-24,AB+,Male
996,sdv-pii-fm29t,sdv-id-996,johnfriedman@example.com,(765)320-1331x71845,1940-01-19,AB+,Female
997,sdv-pii-d8pso,sdv-id-997,garrettnicholas@example.org,+1-894-264-6573x7196,2006-03-12,AB+,Male
998,sdv-pii-tyhi7,sdv-id-998,robert67@example.org,(954)454-7952x08379,1955-05-23,O-,Male
999,sdv-pii-8ac1c,sdv-id-999,danielle81@example.net,469.753.5697x04809,1956-11-12,AB+,Male
